layer,head,pair,dim0,dim1,pre_spread,pre_anisotropy,pre_mean_compactness,pre_balance,pre_mu_norm,pre_mu_angle,pre_pca_angle,pre_lam1,pre_lam2,post_spread,post_anisotropy,post_mean_compactness,post_balance,post_mu_norm,post_mu_angle,post_pca_angle,post_lam1,post_lam2,mu_drift,pca_drift,spread_score,orientation_score,drift_score,candidate_mode,target_diag_angle,suggested_alpha_rad,suggested_alpha_deg,candidate_score,candidate_label
1,4,46,92,93,0.07475858228878428,0.9848930257692722,0.9929270565643579,0.8135008811950684,3.239582979288296,2.5406759163639765,2.5313893526973206,0.07419389430119552,0.000564687987588755,0.07635224948569982,0.9434973652620818,0.9927762793355476,0.7942677140235901,3.239337080758184,2.559425836829811,2.5775400893179174,0.07419519785411713,0.002157051631582696,0.018749920465834347,0.04615073662059688,0.9506357709175954,0.9929270565643579,0.9478384512418923,mean,2.356194490192345,-0.18448142617163163,-10.57000711818878,0.7278197690711417,mean_cluster
1,4,45,90,91,0.08339962113656034,0.9800579157613657,0.993042146958746,0.753933310508728,3.4500727562769757,-2.1148066446748017,1.0175627747747078,0.08256804000196263,0.0008315811345977059,0.0861583520967381,0.9172662911470508,0.9928119921508761,0.7296543121337891,3.4496729858022968,-2.0917828783675554,1.0764568875558547,0.08259425208838603,0.0035641000083520696,0.02302376630724634,0.05889411278114687,0.9450894122148192,0.993042146958746,0.9363347856780292,mean,-2.356194490192345,-0.2413878455175431,-13.830504773911127,0.6625286587474385,mean_cluster
1,4,44,88,89,0.09546305359418206,0.9797990048187543,0.9932349106990425,0.6884846091270447,3.7437503655738587,-2.054063203488428,1.0777319141499198,0.09449882925185042,0.0009642243423316314,0.10035163035397854,0.8849570862693705,0.9928884766397232,0.657505989074707,3.743097424631517,-2.02578897065347,1.1539678933907138,0.09457925837765063,0.005772371976327906,0.02827423283495811,0.07623597924079407,0.9374004278370631,0.9932349106990425,0.9223933473446885,mean,-2.356194490192345,-0.3021312867039168,-17.31084758699148,0.5912722835586217,mean_cluster
1,4,43,86,87,0.11776307221975328,0.9785355280172224,0.993342691241471,0.6137354373931885,4.191840642842679,-1.9874284553994501,1.14455001634821,0.1164992111381092,0.001263861081644082,0.12678112101764416,0.8414423630485284,0.9928328884807596,0.5736210346221924,4.190764827648987,-1.9527112017219426,1.242383901209525,0.11673006353875678,0.010051057478887388,0.034717253677507554,0.09783388486131495,0.9233511749333304,0.993342691241471,0.9055686832352647,mean,-2.356194490192345,-0.3687660347928947,-21.12873742140734,0.5097633432078427,mean_cluster
1,4,42,84,85,0.15831704970716595,0.9807096211096039,0.9935294350783488,0.5191489458084106,4.930410887110017,2.8045629369335225,2.7942118341538014,0.15679005177082586,0.001526997936340098,0.1767065376016724,0.7822776145782049,0.9927778395910233,0.4658218026161194,4.9285456196003175,2.8472001955957342,2.9232582724158114,0.15747005315893242,0.01923648444273998,0.042637258662211686,0.12904643826201,0.8983391660442669,0.9935294350783488,0.8853070552761771,mean,2.356194490192345,-0.4483684467411777,-25.689619665105713,0.41021069084466405,mean_cluster
1,4,50,100,101,0.33015524519440376,0.7724210214683445,0.9439901559555971,0.4060860872268677,2.358906090404196,-0.23940546484036662,1.5723598675197281,0.2925870484656846,0.03756819672871911,0.32985356483274786,0.7710829795037601,0.9440413382216539,0.3986690640449524,2.3589701037299933,-0.23113867379434896,1.5788482025501893,0.29209901720234543,0.03775454763040244,0.008266791046017657,0.006488335030461201,0.7996578739860646,0.9439901559555971,0.9766573518997524,mean,-0.7853981633974483,-0.5459926985570817,-31.28307727227937,0.2993863651698321,mean_cluster
1,4,41,82,83,0.22403463841409732,0.983676636241398,0.9938542565761255,0.39963972568511963,6.019102288726272,-0.2445712543149848,2.8893082010690243,0.22220613896590907,0.0018284994481882356,0.26440101283964207,0.6976340409743698,0.9927469216157699,0.32609254121780396,6.01574815168419,-0.19222176561507126,3.0635467483265373,0.2244280799326877,0.039972932906954375,0.05234948869991354,0.17423854725751298,0.859237779557753,0.9938542565761255,0.8610781882395162,mean,-0.7853981633974483,-0.5408269090824634,-30.987099337530644,0.29386462318474443,mean_cluster
1,4,49,98,99,0.5646541517825828,0.8894628970046371,0.8928680725296283,0.4830113649368286,2.1693291416059743,1.8359044041355173,3.108736409156146,0.5334465347168522,0.03120761706573062,0.564343284960379,0.8902698249648554,0.8929270596392104,0.48936134576797485,2.1694008622915755,1.8460218147441787,3.1178580524014268,0.5333805412415187,0.03096274371886032,0.010117410608661448,0.009121643245280977,0.6822446393965754,0.8928680725296283,0.9715069197386947,mean,2.356194490192345,0.5202900860568276,29.81042605355462,0.2858450483453662,mean_cluster
1,4,58,116,117,0.8045041966619195,0.931988800947171,0.8085297636332873,0.5252120494842529,1.8431535885814985,3.00445618253095,1.5683742252138937,0.7771465491333804,0.027357647528539114,0.8045590421998541,0.9319382885227381,0.8085166970495308,0.5248903036117554,1.8431386301852206,3.0060545329550834,1.5698825733140382,0.7771792095020057,0.02737983269784841,0.001598350424133255,0.0015083481001445518,0.5799657177428119,0.931988800947171,0.9956997068537016,pca,0.7853981633974483,-0.7829760618164454,-44.861223801856575,0.28266762961509384,elongated_cluster
1,4,56,112,113,0.8083377324929877,0.9206016106472371,0.8505607964144265,0.4769965410232544,2.1449483281002157,0.20473366993268222,1.5458589585017506,0.7762473754869441,0.032090357006043534,0.8083054477621484,0.9207405632097405,0.8505667586707183,0.4776860475540161,2.1449558007380674,0.20714453433865973,1.5481326385586887,0.7762725304905456,0.03203291727160287,0.002410864405977514,0.0022736800569380655,0.5784621045823786,0.9206016106472371,0.9935248261426715,pca,0.7853981633974483,-0.7604607951043022,-43.57119404463937,0.2523716674352179,elongated_cluster
1,4,52,104,105,0.7631093283629669,0.922628773074214,0.8350261922723946,0.4651118516921997,1.9653320255974585,1.585294906293721,3.128744266593196,0.7335879758564505,0.02952135250651629,0.7632787174041533,0.9226069767090826,0.8349895763495904,0.4653332829475403,1.965288957064359,1.590769652599069,3.1338707931647956,0.733742493627854,0.02953622377629924,0.005474746305348166,0.005126526571599399,0.5964529529320669,0.922628773074214,0.9854595299069561,pca,2.356194490192345,-0.7725497764008513,-44.263841651544226,0.2522315375154681,elongated_cluster
1,4,55,110,111,0.358609173042705,0.8288830564162746,0.9204095853092712,0.3328072428703308,2.0364365345423163,-1.5889959790309238,-3.1269370533295486,0.32792712022704196,0.030682052815663052,0.3584120655257899,0.8288613803343966,0.9204533289916611,0.3325282335281372,2.0364848910398,-1.5860351367877914,-3.124393440654222,0.3277429924434136,0.0306690730823763,0.002960842243132422,0.0025436126753266564,0.7843974363901973,0.9204095853092712,0.9915761320340043,mean,-2.356194490192345,-0.767198511161421,-43.957236738269806,0.23825176802296605,mean_cluster
1,4,48,96,97,1.3262574204051396,0.9566406427412085,0.774588397436569,0.6186176538467407,2.134820053843545,0.3477081805981306,1.5376495466292688,1.2975045857513832,0.028752834653756547,1.3288552475368605,0.9572852393666151,0.7741468805539542,0.6226297616958618,2.134211595972142,0.36023085499281343,1.54960323007279,1.300474380629862,0.028380866906998526,0.012522674394682853,0.011953683443521212,0.40734204939803514,0.9566406427412085,0.9664232620443917,pca,0.7853981633974483,-0.7522513832318205,-43.10082939206158,0.23296879666576056,elongated_cluster
1,4,47,94,95,1.2294022438934948,0.9575178362415482,0.7356572742102424,0.5677740573883057,1.8496991014204116,0.17109326891560964,1.5640684563894622,1.2032884101689278,0.026113833724567076,1.2303107851562556,0.9575266236044893,0.735461935724586,0.5703973174095154,1.8494535580451927,0.18636184916392173,1.578637195149795,1.2041830586260354,0.026127726530220257,0.015268580248312099,0.01456873876033282,0.43495417902722405,0.9575178362415482,0.9592294549732152,pca,0.7853981633974483,-0.778670292992014,-44.614521420657645,0.22682370056165072,elongated_cluster
1,4,40,80,81,0.3431382678886849,0.9869569373891114,0.9939977272281408,0.29778939485549927,7.538230432631307,-0.17303534882240865,2.9640974841711434,0.34090048093304637,0.00223778695563852,0.4370678083492955,0.5941814583828878,0.9923546846945999,0.19654011726379395,7.531997578058584,-0.10873549136212317,-3.0766958866649396,0.3483826980635433,0.08868511028575222,0.06429985746028546,0.24239193634350387,0.7926583229039874,0.9939977272281408,0.8321738726384258,mean,-0.7853981633974483,-0.6123628145750396,-35.08580480590199,0.1952516528640529,mean_cluster
1,4,57,114,115,2.0044965790757248,0.9674038032075959,0.6970016451735623,0.5614006519317627,2.1473331371079314,-0.15490271383462864,1.5664245021005896,1.971827096595582,0.03266948248014282,2.0042655043988535,0.967369364221095,0.6970365573568069,0.561569333076477,2.147386855496968,-0.15293397947383464,1.5683435675717374,1.9715652755602062,0.03270022883864746,0.0019687343607940055,0.0019190654711478405,0.2573327225480021,0.9674038032075959,0.9945319602477063,pca,0.7853981633974483,-0.7810263387031413,-44.749512896245136,0.13899349070968164,skip
1,4,54,108,109,1.6554986981016986,0.6702183457682939,0.275452725609218,0.5262088775634766,0.7933313110745238,2.4870868221389286,3.091405797482707,1.3825221484828267,0.27297654961887186,1.655439883077186,0.6702163209318511,0.27547845304970664,0.5252618193626404,0.793368351557851,2.490676941971082,3.0948231439535476,1.3824713555188508,0.2729685275583351,0.0035901198321535155,0.003417346470840687,0.3259359403198186,0.6702183457682939,0.9902836645374326,pca,2.356194490192345,-0.7352113072903621,-42.124504958033604,0.11383251972977433,skip
1,4,12,24,25,1.8387566386836995,0.9270479116793023,0.7751332659605168,0.5667810440063477,2.5176056732939065,1.6110911010711964,-3.127120465740752,1.771686070331402,0.06707056835229755,8.175162005338176,0.009637086477298468,0.0002362409515013812,0.5593718886375427,0.043951841971437276,-2.25275897198049,3.034342446004712,4.126973374274777,4.0481886310633985,2.4193352341279004,0.12172239543412315,0.28789736349774137,0.9270479116793023,0.7062554549919394,pca,-2.356194490192345,0.770925975548407,44.17080471592942,0.10683584755844634,skip
1,4,37,74,75,0.6426700580235055,0.9717037723366185,0.9459195026417282,0.3113969564437866,3.352747016016913,2.9699413380566253,3.131456116202669,0.6335774888868555,0.009092569136650054,0.7243710515139626,0.8093770633896994,0.9390443848016979,0.17654132843017578,3.3405405172802256,3.0919156699839636,-2.929638460445155,0.6553301829968259,0.06904086851713678,0.12197433192733831,0.222090730531763,0.6471371522378923,0.9717037723366185,0.5301766933183214,pca,2.356194490192345,-0.775261626010324,-44.41921918884121,0.10381622140759747,elongated_cluster
1,4,59,118,119,1.3012388545303917,0.29611381534537096,0.44887166102658627,0.5540032386779785,1.0294689057555246,2.4520513705703553,3.099920870878772,0.8432768282106611,0.45796202631973054,1.301221886666018,0.29615031640060807,0.4488788028947436,0.5538337826728821,1.0294770537450304,2.4533597154260947,3.101175831078589,0.8432895800549257,0.4579323066110922,0.001308344855739385,0.001254960199816857,0.41430195856538127,0.44887166102658627,0.9962688499440894,mean,2.356194490192345,-0.09585688037801045,-5.492194682950394,0.10264269092254609,mean_cluster
1,4,60,120,121,1.1422141840505926,0.336000850053275,0.24169918256792536,0.5676313638687134,0.6033795728053745,2.4572333257672163,1.487053524391274,0.7629995604174179,0.3792146236331748,1.142219306489622,0.3359659492201736,0.24169571606209317,0.5677360892295837,0.6033752197119605,2.4582970707317258,1.4880610029897792,0.7629830500061762,0.37923625648344594,0.0010637449645094499,0.0010074785985052515,0.4614076140720486,0.336000850053275,0.9971256286569985,pca,0.7853981633974483,-0.7016553609938256,-40.201890857674414,0.08774884238773131,elongated_cluster
1,4,63,126,127,1.0954218756140988,0.23503734230542067,0.2850040800265648,0.5810462832450867,0.6607915209517408,-0.31169276799981926,1.6923910672385511,0.6764434609809453,0.4189784146331534,1.0954314947950916,0.23505238154287283,0.28499772839788234,0.5810234546661377,0.660784123916,-0.31112257250454084,1.6929671305669727,0.676457638231991,0.41897385656310054,0.000570195495278425,0.0005760633284215277,0.4762620393270505,0.2850040800265648,0.9983721963254041,mean,-0.7853981633974483,-0.473705395397629,-27.141319888860032,0.07874087741739666,mean_cluster
1,4,62,124,125,1.5129952342571138,0.31671588270771994,0.11772501678236619,0.5763193368911743,0.44931526964462987,-1.3461292386608312,-2.97762906415577,0.996092427703873,0.516902806553241,1.5130129040471993,0.31671238386174305,0.11771462808915205,0.5763002038002014,0.4492954225872774,-1.3454295891851138,-2.976918479573762,0.9961014138509416,0.5169114901962577,0.0006996494757174342,0.0007105845820079003,0.3589560516006481,0.31671588270771994,0.9979718178836969,pca,-2.356194490192345,0.621434573963425,35.60557833161465,0.06538717751315176,elongated_cluster
1,4,51,102,103,1.7577825827758442,0.037911311892204765,0.33943791321719236,0.5542025566101074,0.9503989133364524,0.4397603353919239,0.9830479356655321,0.9122112132550911,0.845571369520753,1.7578168118454975,0.03805497179428975,0.3394250758630025,0.5542361736297607,0.9503809598623336,0.44655675286858887,0.990543794236825,0.9123552405199222,0.8454615713255754,0.006796417476664985,0.007495858571292979,0.3041245310679836,0.33943791321719236,0.9807689857824125,mean,0.7853981633974483,0.3456378280055244,19.803588784785195,0.056110876139114765,skip
1,4,61,122,123,2.2865367394488203,0.3062066270168012,0.3755786578165751,0.5539690256118774,1.1727371299024316,-2.4954252173230196,-3.0018807656934934,1.493344720992872,0.7931920184559482,2.2864646267732933,0.30623329345359435,0.37559829467545797,0.5540453195571899,1.1727677346663352,-2.4945613203231485,-3.0009562614926155,1.4933281098977642,0.793136516875529,0.0008638969998711055,0.0009245042008778626,0.21259324458061943,0.3755786578165751,0.9975347665487977,mean,-2.356194490192345,0.13923072713067475,7.977333043125269,0.04412288375699427,skip
1,4,53,106,107,1.5907011129118651,0.21189032295230467,0.1602008125700905,0.5473333597183228,0.5508570661071649,-2.7997571256250793,1.698162163671606,0.9638776427237813,0.6268234701880838,1.5908832864547937,0.2119384406457305,0.16010463733902475,0.5470566749572754,0.5506916906925615,-2.795433492638482,1.7027131298319402,0.9640263047177948,0.6268569817369989,0.0043236329865972145,0.0045509661603342355,0.34055609499961703,0.21189032295230467,0.9870814102196547,pca,2.356194490192345,0.6580323265207388,37.70247509281285,0.03898564035922702,skip
1,4,36,72,73,2.9364911970564127,0.7387982177161597,0.016086344598800057,0.495960533618927,0.21911118193080606,-0.770068063019992,1.6745779882443597,2.552982829890811,0.38350836716560177,2.937430383615114,0.7284800398691915,0.015771598515355065,0.519120454788208,0.21695701716409474,-0.6387824988585062,1.8132905499604242,2.5386448932923775,0.39878549032273636,0.13128556416148573,0.1387125617160645,0.1369000211171046,0.7387982177161597,0.6727902884849074,pca,2.356194490192345,0.6816165019479852,39.053748808090205,0.033748633035284706,skip
1,4,33,66,67,0.2577689645872621,0.9270359435569927,0.9832303797946771,0.07813924551010132,3.8875979507016094,-0.03881250299809869,3.0704860712084336,0.24836502994702533,0.009403934640236766,0.6942006589733274,0.29986275202828716,0.954837532193819,0.36255526542663574,3.831055284193439,0.23036422191300113,1.6793463271509292,0.45118278951660984,0.24301786945671758,0.26917672491109984,1.3911397440575044,0.8398319500044086,0.9832303797946771,0.46344092470503073,mean,-0.7853981633974483,-0.7465856603993496,-42.776207385870094,0.029902760127275618,mean_cluster
1,4,31,62,63,0.7750194472795462,0.9438557650028371,0.9064682374806632,0.2471562623977661,2.740646591301168,3.014150191787229,-3.1390455247015696,0.753263010292301,0.021756436987245123,1.2793656095314194,0.12275513461095633,0.8456021480995419,0.44255971908569336,2.647035391918848,-2.871255077317411,-2.5269546256402786,0.7182071535730999,0.5611584559583196,0.39778003807494705,0.612090899061291,0.5916618005023744,0.9438557650028371,0.17397717958569353,pca,-2.356194490192345,0.7828510345092248,44.854060264828945,0.02401281465016736,elongated_cluster
1,4,10,20,21,2.154154863927665,0.8764288448642438,0.8074161893145996,0.581000566482544,3.0052271210378825,-1.2296375420001135,-3.037768522786026,2.0210591614896787,0.13309570243798632,11.177229479893546,0.00902064113149336,0.000743258521662529,0.555141806602478,0.091179769276334,0.22804239946598429,-2.4204972835015193,5.639027627938011,5.5382018519555345,1.457679941466098,0.6172712392845066,0.23253151262859706,0.8764288448642438,0.17142111102289576,pca,-2.356194490192345,0.681574032593681,39.05131549332993,0.0202973500022907,skip
1,4,16,32,33,1.1115899905677384,0.8627020466914461,0.8417409289865729,0.7391683459281921,2.431516551329168,0.7040785063434724,3.0590517317745274,1.0352804752565572,0.07630951531118114,7.021615069302705,0.020378278533409636,0.0003198592663534001,0.5677870512008667,0.047398810698438425,2.2270050739488956,0.922046515650884,3.582351748469681,3.4392633208330237,1.522926567605423,1.00458743746615,0.4710760941039667,0.8627020466914461,0.056684763747656304,pca,2.356194490192345,-0.7028572415821825,-40.27075354286597,0.017027919766999074,elongated_cluster
1,4,29,58,59,0.7465997236087326,0.8374054500467875,0.9028764878423783,0.17090237140655518,2.6344859983270092,-0.054838064049186334,-3.125511442980909,0.6859032005814739,0.060696523027258684,1.7914231813913637,0.2885713613688509,0.7669576706283006,0.5672864317893982,2.428104569394974,0.5507552715889156,2.0955812069204,1.154188303816738,0.6372348775746256,0.6055933356381019,1.0620926572782772,0.6031585993203317,0.9028764878423783,0.17723713926298862,mean,-0.7853981633974483,-0.7305600993482619,-41.85801037331353,0.016495393800407553,mean_cluster
1,4,38,76,77,3.6022879384967195,0.36389799740634576,0.06512118843170331,0.5405462980270386,0.5009250063310391,1.7844549288084484,1.9653696958427331,2.4565766526985366,1.1457112857981828,3.601861352138362,0.36031700729431715,0.06523185397826728,0.5538723468780518,0.5013504445306446,1.8861483013225273,2.063940849315939,2.4498366276151398,1.1520247245232222,0.10169337251407895,0.09857115347320589,0.08721646745999569,0.36389799740634576,0.7545514086339444,pca,2.356194490192345,0.3908247943496117,22.392611245301094,0.012944935463060175,skip
1,4,1,2,3,1.6853070650889812,0.5081602377241066,0.9613467610563173,0.7154484987258911,6.4742074130957095,1.0526216776656858,-2.4910604622729973,1.2708565519616113,0.41445051312737,43.599031129863064,0.004030990437996069,3.741352670358271e-05,0.5580039024353027,0.04038879233664997,2.050837623911354,2.1552529982774487,21.88738920372672,21.711641926136345,0.9982159462456683,1.5047208069606526,0.31942276947510145,0.9613467610563173,0.05772611774228626,mean,0.7853981633974483,-0.26722351426823754,-15.310779554223947,0.012682260389614012,skip
1,4,34,68,69,2.786106690404682,0.27925334759051085,0.044500993598202136,0.5664260387420654,0.36022065004067666,2.263353941557589,1.8175008285018617,1.7820681552223938,1.004038535182288,2.785856982773679,0.2622833208417725,0.044586544736837146,0.5637140274047852,0.36056672139562,2.5102662308218076,2.0410741602091993,1.7582704018030313,1.0275865809706477,0.24691228926421838,0.22357333170733762,0.15157594646309203,0.27925334759051085,0.5279356130276047,pca,2.356194490192345,0.538693661690483,30.864873265312877,0.012657643092744636,skip
1,4,20,40,41,0.23810519816497294,0.5543979262724931,0.9646302667108203,0.5628608465194702,2.5482908105777753,0.369027621388836,3.058048366284365,0.18505511313144468,0.05305008503352825,6.402819475489441,0.0744207608054956,0.0488823785222822,0.5818204879760742,0.573646937636611,1.723462391465529,1.144851612967443,3.439661086077842,2.963158389411599,1.354434770076693,1.2283959002728713,0.8510897007924783,0.9646302667108203,0.020862257187023798,mean,0.7853981633974483,0.41637054200861223,23.856274770668026,0.009640477692340244,mean_cluster
1,4,18,36,37,2.498912959496038,0.19282080746537802,0.18453484129738185,0.541222333908081,0.7519899688564734,-1.9021745054950998,1.2977752428142335,1.490377687065977,1.0085352724300607,3.060838943517414,0.03340832659937557,0.001162533965402158,0.5679366588592529,0.05968643671461299,-0.8129846484407441,1.542234683780584,1.5815482253052824,1.4792907182121315,1.0891898570543557,0.24445944096635053,0.18411597138164015,0.19282080746537802,0.49735284970707017,pca,0.7853981633974483,-0.5123770794167852,-29.357044169821197,0.009556209918851545,skip
1,4,19,38,39,3.61354212835019,0.1695684581020858,0.041463555918415676,0.5974981188774109,0.39536254034990553,-2.2773776639833985,1.9891355470223122,2.1131424476708154,1.5003996806793747,3.7605074240732366,0.013052068314322556,0.002479055545877418,0.5603728294372559,0.0966730326046552,-0.20789891458327336,2.065217224023657,1.9047949119343854,1.8557125121388514,2.069478749400125,0.07608167700134483,0.08655431689735983,0.1695684581020858,0.8046271955072076,pca,2.356194490192345,0.3670589431700326,21.030928276175203,0.007056105308559845,skip
1,4,35,70,71,3.286126913373249,0.14482437472723833,0.01449217845211198,0.5054498910903931,0.2198259532025323,2.285522961411754,1.2931043049640634,1.8810190944385121,1.4051078189347368,3.2856577566365197,0.14394416633227367,0.01463279944435375,0.5331212282180786,0.2208898809683099,2.4519453306796386,1.4743881591985308,1.879304511634438,1.4063532450020817,0.16642236926788456,0.18128385423446744,0.10803853740614701,0.14482437472723833,0.5957382601243565,pca,0.7853981633974483,-0.5077061415666151,-29.089419144638537,0.004711443184867742,skip
1,4,21,42,43,4.0338330579061585,0.3714699114444292,0.22446694120720995,0.5930913090705872,1.0805254414337997,-2.2271238212551556,1.048435297685206,2.766140333354271,1.2676927245518876,5.15424561138291,0.05634596937880915,0.009059529428052122,0.5603007674217224,0.2170758909225071,-1.608568498928017,1.4666530640059452,2.7223332883864044,2.431912322996505,0.6185553223271387,0.41821776632073915,0.0651155677314897,0.3714699114444292,0.30273183335782117,pca,0.7853981633974483,-0.26303713428775777,-15.070917649904395,0.004342982954368569,skip
1,4,32,64,65,4.096512216302423,0.2616351115082577,0.0426089583704134,0.6137953996658325,0.42698528281259623,0.4046009246350246,1.3729656217379935,2.5841518234049543,1.5123603928974685,4.103126044605329,0.26126941882651167,0.041063131289544426,0.573866605758667,0.419168320714842,0.7419226258854862,1.7123569416545927,2.587573700825774,1.515552343779555,0.33732170125046157,0.3393913199165992,0.06240960543316038,0.2616351115082577,0.3792007671698794,pca,0.7853981633974483,-0.5875674583405451,-33.66513554214206,0.00380049617093734,skip
1,4,23,46,47,3.4816534383857043,0.2511199048918851,0.10114145007463522,0.5710970759391785,0.6259096981945766,2.5345285750420095,3.1116213491279803,2.177982959349939,1.3036704790357652,3.8593099904013157,0.04435508958150341,0.0036417056460550973,0.5598542094230652,0.11876801042447627,-1.6335018427131485,-2.680602533631647,2.0152450153742008,1.844064975027115,2.1151548894244283,0.49096142441995944,0.09464028690311779,0.2511199048918851,0.24592050961505543,pca,2.356194490192345,-0.7554268589356354,-43.28277074783651,0.0033378120107135974,skip
1,4,13,26,27,1.6728490816915245,0.911461504224417,0.7466339229604833,0.5899577140808105,2.2202813276588387,2.912432521281557,1.6231676180000196,1.5987933110157138,0.07405577067581069,6.593332325994538,0.021576264146996274,0.0013881044474913704,0.5576455593109131,0.09573377586550962,-1.3236701286494559,-2.9049509543220964,3.367795902934574,3.225536423059965,2.047082657248574,1.3865259187323227,0.32212887451423117,0.911461504224417,0.019034491090815484,pca,2.356194490192345,0.7330268721923252,41.99934604629584,0.0032970849745263186,skip
1,4,17,34,35,1.0802820025822892,0.5571036283798032,0.7958613422840941,0.47355031967163086,2.052223460454958,-1.5229293445717682,-2.7380893373346504,0.8410555129474198,0.2392264896348694,5.197466297530822,0.030195194378050832,0.017845386182941774,0.5563164949417114,0.30730447583986603,-0.11031235001665464,2.151779372825106,2.677202401329082,2.5202638962017403,1.4126169945551135,1.3933165970198298,0.48116992238510503,0.7958613422840941,0.017667145408485734,mean,-0.7853981633974483,0.7375311811743199,42.257423940587,0.0032038221507577503,mean_cluster
1,4,28,56,57,2.7089457937759547,0.7828326989336591,0.6053613148348328,0.3863478899002075,2.0384856651685817,-1.7395266797173186,1.6169385587944252,2.414798570391676,0.2941472233842788,3.655464741872568,0.13778521436201202,0.467472549769062,0.5362775325775146,1.7913413749839153,-1.0189941268421114,2.5861478820740036,2.0795668674621974,1.5758978744103709,0.7205325528752071,0.9692093232795784,0.15970651626318194,0.7828326989336591,0.06271406746128556,pca,2.356194490192345,0.7392559313979197,42.356244849113516,0.0030292499379234944,skip
1,4,39,78,79,3.992404880114308,0.09191869065855122,0.005613161965608105,0.5694462060928345,0.15012167178902763,0.25465975841765043,-2.85962298610335,2.179690754636659,1.8127141254776495,3.992178469750682,0.09072881626320985,0.0056695262126896726,0.5708516836166382,0.1508735061417024,0.3422006481598108,-2.774357294938961,2.1771920483113623,1.8149864214393197,0.0875408897421604,0.08526569116438898,0.06696818022676697,0.09191869065855122,0.7837883471336616,pca,-2.356194490192345,0.5034284959110051,28.844328102319615,0.002747412268873836,skip
1,4,26,52,53,1.860177814059064,0.3656056893948848,0.04078008521780572,0.5510932207107544,0.2812174081798521,2.5211490545025192,1.6715659118239752,1.2701347030827816,0.5900431109762821,1.9124560695952604,0.08851545624894999,0.01382211374061843,0.5601358413696289,0.1637213568561824,-2.728451286782982,2.7618752690820907,1.0408689955758235,0.8715870740194368,1.0335849658940852,1.0903093572581155,0.28375133051234236,0.3656056893948848,0.044370981538495904,pca,2.356194490192345,0.6846285783683697,39.22632807454911,0.002536734156027682,skip
1,4,14,28,29,0.5376304944049014,0.7338773719572287,0.9153733727676563,0.45790714025497437,2.411501676851099,0.26441532853079786,1.5267824616129466,0.4660926743617849,0.07153782004311646,6.325224618597589,0.03445166226282832,0.0043672920983555425,0.5597432851791382,0.16656913044846394,1.9265060043541749,-2.4169938886661932,3.271569560447037,3.0536550581505515,1.6620906758233769,0.8021836966893464,0.6948443880093224,0.9153733727676563,0.00866181925918349,mean,0.7853981633974483,0.5209828348666504,29.85011763662018,0.0025227392389945585,mean_cluster
1,4,25,50,51,0.3407755286592722,0.7479456669934959,0.9599679417530305,0.11456340551376343,2.8586343311891182,-3.120160293398987,3.116068152375343,0.2978285543690703,0.042946974290201875,4.979558070608953,0.6357745708133082,0.41503431713750877,0.5687724351882935,1.8796293170418024,-1.7724337035887927,3.0740065591016577,4.072717232895471,0.9068408377134822,1.3477265898101944,0.042061593273685194,0.793927572823076,0.9599679417530305,0.02126596440703082,mean,-2.356194490192345,0.7639658032066423,43.77201621606262,0.001856814901154391,mean_cluster
1,4,11,22,23,2.284595019456309,0.45309686775079727,0.6716835706197002,0.5403860807418823,2.1619252191673746,-0.36975833480140613,2.6822616831844353,1.6598689334257437,0.6247260860305651,6.953994841310877,0.019507751767950703,0.0006495401947483119,0.5610607862472534,0.06722971796754997,0.9683874173810265,0.788337278801299,3.5448258232353993,3.4091690180754775,1.3381457521824327,1.247668249206657,0.21287296197016187,0.6716835706197002,0.021856135899493236,mean,-0.7853981633974483,-0.4156398285960421,-23.814407976094156,0.0016887399016165107,skip
1,4,27,54,55,3.0138285032051573,0.25231752099705784,0.09901405869334132,0.5392924547195435,0.5755044581752504,-0.8666310202144316,-2.383301607012785,1.8871351199222042,1.126693383282953,3.1151989094313897,0.13590784738540396,0.06870918023452117,0.5491011142730713,0.4794105794321262,0.03738117618688482,1.6253181597410478,1.7692894436948519,1.3459094657365378,0.9040121964013165,0.8670271131640391,0.12991499680546836,0.25231752099705784,0.0839763285082728,pca,-2.356194490192345,0.02710711682043998,1.5531233885792943,0.0014845263932291904,skip
1,4,2,4,5,4.257950265191781,0.6373408673680868,0.8343716801282002,0.5445061922073364,4.631405120798416,-1.9788221086615145,-2.935365508218932,3.4858579902099613,0.7720922749818194,25.707763710850323,0.008931133970113475,3.737950691510979e-06,0.5579293966293335,0.009802791048343017,-3.1159726968830608,1.5927920877425692,12.96868159631198,12.739082114538345,1.1371505882215462,1.3865649423717075,0.05594662759088061,0.8343716801282002,0.038812936202765824,mean,-2.356194490192345,-0.3773723815308303,-21.62184476651723,0.0009865356623757716,skip
1,4,24,48,49,4.8356092100869414,0.3634623470819446,0.08256240073156233,0.5339404344558716,0.6596726627674206,0.836876166390815,-3.027133443354141,3.2965855415782865,1.5390236685086551,5.1970653844383286,0.10466904618082275,0.013984866803870103,0.5625301599502563,0.27149789536639746,2.500135010958027,0.8196220892000591,2.870518630583482,2.3265467538548465,1.663258844567212,0.705162878964407,0.037834626271319616,0.3634623470819446,0.13335359324399282,pca,-2.356194490192345,0.6709389531617962,38.44197032709654,0.0009791436415738312,skip
1,4,4,8,9,0.649847820108996,0.36658911622260637,0.9619209972880267,0.8839691281318665,4.0516577509580785,-0.8040885095881576,3.042776264981027,0.4440374790811534,0.20581034102784265,17.065340293066896,0.004797465688009339,2.5521946749414924e-05,0.5582761764526367,0.020869878350166307,1.4227816457545812,-2.4001961124064812,8.573605338788546,8.49173495427835,2.2268701553427386,0.8402129297920784,0.643999330894315,0.9619209972880267,0.0017250725729263878,mean,-0.7853981633974483,0.018690346190709306,1.0708779543660585,0.000944646433469797,mean_cluster
1,4,22,44,45,2.699238011003996,0.28017703044792813,0.005996921672778337,0.5279374122619629,0.1276118233671462,-1.6560723558320436,1.820941241427991,1.727751250699774,0.9714867603042222,2.711373035578113,0.046747103242873095,0.0015279994393970079,0.56263267993927,0.0644151894497594,-0.012658312557568266,2.9648726975878636,1.419060935401136,1.292312100176977,1.6434140432744753,1.1439314561598726,0.1607598568210972,0.28017703044792813,0.038068215303465075,pca,2.356194490192345,0.5352532487643538,30.667752124863416,0.0009052219888902567,skip
1,4,9,18,19,1.4404719124335092,0.7735461249345073,0.8348169503056584,0.6087357997894287,2.6981450077156826,0.44424219077282523,1.5620375928073131,1.2773716891871114,0.1631002232463979,8.718287978137461,0.007388213588755457,0.0002487420745558447,0.5681297779083252,0.04657407643511795,2.3462385206155543,2.097637538636067,4.391350275924113,4.326937702213347,1.9019963298427291,0.5355999458287539,0.3770246597969646,0.8348169503056584,0.004364397067391492,mean,0.7853981633974483,0.34115597262462305,19.54679738707155,0.000836207606780292,mean_cluster
1,4,5,10,11,1.5706941702420716,0.588345897806997,0.8527934538746308,0.4417802691459656,3.016505929802366,0.10506483613708129,1.6953764655725536,1.2474028210069739,0.32329134923509767,10.669917463024898,0.005998650508124373,7.793556219353518e-06,0.5591740608215332,0.009119059693556936,1.9507861237536819,2.961752091896065,5.366961284418061,5.302956178606836,1.8457212876166005,1.2663756263235115,0.3452013813625867,0.8527934538746308,0.005125693770886433,mean,0.7853981633974483,0.680333327260367,38.98022831411166,0.0006666154186150697,skip
1,4,30,60,61,5.944528287335148,0.28306029232035507,0.022978337207979014,0.5707201957702637,0.3739089852784229,1.6197703721116088,1.550999603204779,3.8135941010275687,2.130934186307579,5.939635185124118,0.23365165406392133,0.02378239573757955,0.5622469186782837,0.38039462247667466,2.13380369972084,2.0892111586878586,3.6637203853324336,2.275914799791684,0.514033327609231,0.5382115554830795,0.017855252913402918,0.28306029232035507,0.2148645818015963,pca,0.7853981633974483,-0.7656014398073308,-43.86573129009919,0.000619773539278946,skip
1,4,0,0,1,1.567018964936608,0.45046565618180867,0.9795154540086171,0.6215332746505737,8.656246217918518,2.0022570267043767,2.6300228662078613,1.136453595613283,0.4305653693233248,76.4943300119836,0.0035470493261182652,4.282798547904338e-05,0.5584323406219482,0.05723843437474291,-2.0727001057212604,-2.9680738275788943,38.382829586852246,38.11150042513137,2.208228174753949,0.6850886133928304,0.3460615676521934,0.9795154540086171,0.0018194457514559051,mean,2.356194490192345,0.3539374634879682,20.27912286942625,0.0003833258951261376,skip
1,4,6,12,13,0.656574534304825,0.6308076966091775,0.924847988955149,0.5802186727523804,2.8425420115470006,-0.4178040895181494,1.6379631952665592,0.5353734019712629,0.12120113233356211,8.735737130052756,0.009142719030978394,0.00010085685653339522,0.5596527457237244,0.029684134756502625,2.1470692858893563,2.6076066065181926,4.407802760080662,4.327934369972095,2.5648733754075055,0.9696434112516334,0.6410725009829102,0.924847988955149,0.0006567483485235397,mean,-0.7853981633974483,-0.3675940738792989,-21.061589007304004,0.00022592703107625304,mean_cluster
1,4,3,6,7,1.5405534142095918,0.7403914570604914,0.932452842837367,0.8021992444992065,4.611564435396931,-2.4288710846805652,1.6270227497241982,1.3405830006182433,0.1999704135913485,22.80703858714267,0.007850661556612473,1.666409549542634e-06,0.5576236248016357,0.0061648949895232305,0.1571736738932048,1.6757638416019531,11.493044464099468,11.313994123043202,2.5860447585737703,0.04874109187775488,0.3523194819898523,0.932452842837367,0.0006181995166020903,mean,-2.356194490192345,0.07267659448822039,4.16406213355877,0.00016292001668005457,mean_cluster
1,4,15,30,31,1.043938104515,0.11340670580866474,0.7680900456380786,0.5572469830513,1.859446760208384,-2.68031878461194,1.6807600758842902,0.5811638430081506,0.46277426150684947,4.486739827912428,0.02351305858581422,0.0032744446013919107,0.5523786544799805,0.12140776670344645,-0.05265994438947057,1.2393588946513512,2.2961184021727314,2.190621425739697,2.6276588402224696,0.44140118123293903,0.49315892352822316,0.7680900456380786,0.0005488986804781056,mean,-2.356194490192345,0.3241242944195952,18.57095410789851,0.00011586144624872121,mean_cluster
1,4,8,16,17,0.8702432345826696,0.5782244878513557,0.827414126741296,0.4882816672325134,2.0425804526052747,-0.2839892764958916,-2.5526007207719736,0.6867195916029596,0.18352364297970997,5.0418486135783365,0.004829147144829629,0.00010486490559602515,0.5593222379684448,0.02299496527815919,2.371976168870021,1.0919572943758729,2.533098221207633,2.508750392370703,2.6559654453659127,0.5029653615580533,0.5547138946130844,0.827414126741296,0.0005062536645029054,mean,-0.7853981633974483,-0.5014088869015567,-28.728613029811626,0.00011345681153883947,mean_cluster
1,4,7,14,15,7.138418023193611,0.9177921767484802,0.44383781129838007,0.6511476635932922,2.386780095257515,2.478251740341054,1.5843786987002557,6.845001119620989,0.2934169035726223,12.833384309766185,0.0064791838252737655,0.00013642360059349873,0.5541034936904907,0.041845135621249044,-1.391110408448831,-2.935841031898024,6.458267082904775,6.375117226861409,2.4138231583897016,1.3786270770084863,0.007955242694082196,0.9177921767484802,0.01946894775007967,pca,2.356194490192345,0.7718157914920891,44.221787414045856,9.255923382653813e-05,skip
