layer,head,pair,dim0,dim1,bucket_size,n_buckets,current_global_gap,best_global_alpha_deg,best_global_gap,global_gap_reduction,global_gap_reduction_pct,bucket_best_alpha_mean_deg,bucket_best_alpha_std_deg,bucket_best_alpha_min_deg,bucket_best_alpha_max_deg,bucket_best_alpha_range_deg,bucket_best_gap_mean,bucket_best_gap_median,bucket_consistent_flag
0,0,43,86,87,256,80,0.2759609520435333,15.0,0.0008768843254074454,0.2750840677181259,99.68224333228524,15.3125,27.424257278442383,-45.0,40.0,85.0,0.017774462699890137,0.014356526546180248,0
0,0,44,88,89,256,80,0.32921886444091797,-15.0,0.04589153826236725,0.2833273261785507,86.06047732401343,-10.9375,5.005856037139893,-25.0,0.0,25.0,0.02952289581298828,0.025158021599054337,0
0,0,45,90,91,256,80,0.25118643045425415,10.0,0.022862864658236504,0.22832356579601765,90.89804946195122,10.875,4.594493865966797,0.0,20.0,20.0,0.03488318994641304,0.03246727213263512,1
0,0,48,96,97,256,80,0.25224238634109497,-25.0,0.006286061834543943,0.24595632450655103,97.50792801886848,-18.3125,13.507954597473145,-40.0,10.0,50.0,0.024857286363840103,0.022321004420518875,0
0,0,52,104,105,256,80,0.2784311771392822,15.0,0.034087006002664566,0.24434417113661766,87.75747516751225,9.0625,3.5438106060028076,0.0,20.0,20.0,0.029105056077241898,0.03125452250242233,1
0,0,53,106,107,256,80,0.32887402176856995,-15.0,0.013773194514214993,0.31510082725435495,95.81201505666287,-10.9375,2.7492897510528564,-20.0,-5.0,15.0,0.031462155282497406,0.03225351870059967,1
0,0,54,108,109,256,80,0.318427711725235,-25.0,0.05241825431585312,0.26600945740938187,83.5384131513391,-19.4375,5.809138774871826,-25.0,-5.0,20.0,0.030512914061546326,0.029065348207950592,1
0,0,55,110,111,256,80,0.257419228553772,-15.0,0.03625835105776787,0.2211608774960041,85.91466874426052,-8.4375,3.7578043937683105,-15.0,0.0,15.0,0.024194061756134033,0.020399414002895355,1
0,0,56,112,113,256,80,0.2957320213317871,-25.0,0.003164398018270731,0.2925676233135164,98.92997788875877,-13.8125,8.776522636413574,-35.0,5.0,40.0,0.01882193423807621,0.01741703599691391,0
0,0,57,114,115,256,80,0.46173718571662903,-20.0,0.05304134637117386,0.40869583934545517,88.5126543817665,-20.3125,3.096747398376465,-25.0,-10.0,15.0,0.04093116521835327,0.04300670325756073,1
0,0,59,118,119,256,80,0.29545706510543823,25.0,0.009730493649840355,0.2857265714555979,96.7066302353041,11.875,34.02549743652344,-45.0,40.0,85.0,0.026441087946295738,0.023257706314325333,0
0,0,60,120,121,256,80,0.2716996371746063,35.0,0.020750492811203003,0.2509491443634033,92.36270867823507,22.875,16.970102310180664,-45.0,40.0,85.0,0.0312957763671875,0.020654436200857162,0
0,0,62,124,125,256,80,0.4672194719314575,30.0,0.006343241315335035,0.4608762306161225,98.64234226173998,25.0,7.705517292022705,10.0,35.0,25.0,0.028362970799207687,0.01993066817522049,0
0,0,63,126,127,256,80,0.25949496030807495,-10.0,0.0021476855035871267,0.2573472748044878,99.17235945505941,-5.9375,3.5438106060028076,-10.0,0.0,10.0,0.04239250719547272,0.04567219316959381,1
0,1,49,98,99,256,80,0.27296581864356995,-10.0,0.00542784109711647,0.2675379775464535,98.0115308487749,9.25,23.319787979125977,-45.0,40.0,85.0,0.01419372670352459,0.013213932514190674,0
0,1,52,104,105,256,80,0.3877064883708954,-35.0,0.02337058074772358,0.3643359076231718,93.97209449707059,-5.1875,9.888242721557617,-40.0,30.0,70.0,0.021872948855161667,0.020604658871889114,0
0,1,57,114,115,256,80,0.25837528705596924,40.0,0.013989006169140339,0.2443862808868289,94.58578011522053,-4.25,18.942346572875977,-45.0,40.0,85.0,0.01498052291572094,0.011984549462795258,0
0,1,62,124,125,256,80,0.3174561858177185,20.0,0.038356564939022064,0.27909962087869644,87.91752479472989,10.125,3.7893764972686768,0.0,20.0,20.0,0.039617374539375305,0.038614772260189056,1
0,2,37,74,75,256,80,0.39699041843414307,35.0,0.009385844692587852,0.3876045737415552,97.63575032122725,3.25,30.548118591308594,-45.0,40.0,85.0,0.040484968572854996,0.041402511298656464,0
0,2,42,84,85,256,80,0.29012560844421387,15.0,0.02541256695985794,0.2647130414843559,91.24083975346687,14.1875,6.775126934051514,5.0,25.0,20.0,0.041189104318618774,0.047039590775966644,1
0,2,48,96,97,256,80,0.5163784623146057,35.0,0.04965590313076973,0.466722559183836,90.38381598872405,-35.3125,15.193414688110352,-40.0,40.0,80.0,0.03826054185628891,0.03817141428589821,0
0,2,56,112,113,256,80,0.3304342031478882,25.0,0.0015660792123526335,0.32886812393553555,99.52605414408274,19.125,20.121118545532227,-45.0,40.0,85.0,0.013451178558170795,0.006343679502606392,0
0,2,58,116,117,256,80,0.2918495535850525,25.0,0.021677376702427864,0.2701721768826246,92.57241395912894,-11.875,8.52844524383545,-35.0,15.0,50.0,0.022275269031524658,0.01960749737918377,0
0,3,45,90,91,256,80,0.3284739553928375,20.0,0.029329245910048485,0.29914470948278904,91.07105892917073,-8.5,32.7910041809082,-45.0,40.0,85.0,0.022074420005083084,0.019573748111724854,0
0,3,46,92,93,256,80,0.30623549222946167,-15.0,0.02798069640994072,0.27825479581952095,90.86301323003578,-19.25,10.84262466430664,-30.0,15.0,45.0,0.027946049347519875,0.030422132462263107,0
0,3,55,110,111,256,80,0.538382351398468,35.0,0.06854874640703201,0.469833604991436,87.26764608294197,3.5,39.7444953918457,-45.0,40.0,85.0,0.028575163334608078,0.027089934796094894,0
0,3,56,112,113,256,80,0.30308815836906433,35.0,0.012012100778520107,0.2910760575905442,96.03676341459266,12.75,8.287792205810547,-25.0,30.0,55.0,0.020483186468482018,0.014989703893661499,0
0,3,57,114,115,256,80,0.28952714800834656,-15.0,0.05292550474405289,0.23660164326429367,81.72002000222544,-14.75,5.471517086029053,-20.0,5.0,25.0,0.049784738570451736,0.055624641478061676,0
0,3,58,116,117,256,80,0.26436707377433777,10.0,0.06705541163682938,0.1973116621375084,74.6354904642673,8.0,8.463155746459961,-15.0,30.0,45.0,0.018630456179380417,0.015502739697694778,0
0,3,60,120,121,256,80,0.4807251989841461,-20.0,0.08099160343408585,0.39973359555006027,83.15220346151297,-15.5,34.82635498046875,-45.0,40.0,85.0,0.019013816490769386,0.013375394977629185,0
0,3,61,122,123,256,80,0.49740102887153625,35.0,0.0012643812224268913,0.49613664764910936,99.74580245133481,29.0,24.70323944091797,-45.0,40.0,85.0,0.030210575088858604,0.029151447117328644,0
0,4,40,80,81,256,80,0.4381190538406372,40.0,0.00022217309742700309,0.4378968807432102,99.94928933232202,4.875,35.46102523803711,-45.0,40.0,85.0,0.031015802174806595,0.027501601725816727,0
0,4,42,84,85,256,80,0.5487631559371948,35.0,0.05897776782512665,0.4897853881120682,89.2526006553041,28.0625,19.613351821899414,-45.0,40.0,85.0,0.03181762248277664,0.028215523809194565,0
0,4,44,88,89,256,80,0.4708692729473114,30.0,0.032351236790418625,0.4385180361568928,93.12946529980124,29.875,4.935521602630615,20.0,40.0,20.0,0.029939716681838036,0.02867996320128441,1
0,4,45,90,91,256,80,0.49991515278816223,-30.0,0.05578587204217911,0.4441292807459831,88.84093195994437,-24.0625,4.478682041168213,-30.0,-15.0,15.0,0.03339406102895737,0.03335344046354294,1
0,4,46,92,93,256,80,0.3152886629104614,35.0,0.011721545830368996,0.30356711708009243,96.28228122059124,28.375,12.16488265991211,-45.0,40.0,85.0,0.01875639520585537,0.01795101910829544,0
0,4,48,96,97,256,80,0.47621673345565796,20.0,0.004944608546793461,0.4712721249088645,98.9616894578834,31.6875,6.069583415985107,20.0,40.0,20.0,0.028326421976089478,0.025487083941698074,1
0,4,49,98,99,256,80,0.6270688772201538,-45.0,0.07564064860343933,0.5514282286167145,87.93742579941771,-42.375,2.847696542739868,-45.0,-30.0,15.0,0.04163747280836105,0.04440256208181381,1
0,4,50,100,101,256,80,0.44812315702438354,-35.0,0.04321131482720375,0.4049118421971798,90.35726805235095,-36.875,10.197273254394531,-45.0,40.0,85.0,0.03503101319074631,0.037329304963350296,0
0,4,52,104,105,256,80,0.32064053416252136,-20.0,0.03253946825861931,0.28810106590390205,89.85172964996178,-15.1875,5.991856575012207,-30.0,-5.0,25.0,0.027145838364958763,0.026969721540808678,0
0,4,54,108,109,256,80,0.30365487933158875,35.0,0.013642958365380764,0.290011920966208,95.50708409645453,23.75,17.862319946289062,-45.0,40.0,85.0,0.020186472684144974,0.018385887145996094,0
0,4,58,116,117,256,80,0.3812803626060486,-15.0,0.05915877968072891,0.32212158292531967,84.48417870871212,-11.25,2.1650636196136475,-15.0,-10.0,5.0,0.07400099188089371,0.07578454166650772,1
0,4,60,120,121,256,80,0.3087009787559509,20.0,0.019730815663933754,0.2889701630920172,93.6084376073416,22.3125,6.321775436401367,10.0,40.0,30.0,0.04216016083955765,0.045740045607089996,0
0,4,62,124,125,256,80,0.534613847732544,-40.0,0.016785699874162674,0.5178281478583813,96.8602197744492,-35.6875,4.383473873138428,-45.0,-25.0,20.0,0.027180755510926247,0.02304994687438011,1
0,5,44,88,89,256,80,0.4502454400062561,35.0,0.020001018419861794,0.4302444215863943,95.55775214079151,34.3125,3.8522517681121826,30.0,40.0,10.0,0.03768462687730789,0.04924899339675903,1
0,5,46,92,93,256,80,0.43984049558639526,20.0,0.034262027591466904,0.40557846799492836,92.21035172175569,14.5625,4.271544456481934,5.0,25.0,20.0,0.03563082963228226,0.03444042429327965,1
0,5,54,108,109,256,80,0.4085215926170349,-45.0,0.0031456893775612116,0.4053759032394737,99.22998210268163,-16.75,23.692033767700195,-45.0,35.0,80.0,0.035944003611803055,0.03292401134967804,0
0,5,57,114,115,256,80,0.5450711250305176,-20.0,0.030781898647546768,0.5142892263829708,94.35268220347879,-14.625,8.245264053344727,-30.0,5.0,35.0,0.02556638792157173,0.02357560023665428,0
0,5,60,120,121,256,80,0.3007033169269562,-40.0,0.015477641485631466,0.2852256754413247,94.85285308994742,-8.5,39.68154525756836,-45.0,40.0,85.0,0.022274121642112732,0.020737070590257645,0
0,5,61,122,123,256,80,0.533920407295227,-45.0,0.04682547599077225,0.4870949313044548,91.22987708449202,-22.375,34.91932678222656,-45.0,40.0,85.0,0.02922140061855316,0.02598591148853302,0
0,5,63,126,127,256,80,0.4173125624656677,25.0,0.014321996830403805,0.4029905656352639,96.56804081195565,21.0625,22.578941345214844,-45.0,40.0,85.0,0.015831636264920235,0.014822827652096748,0
0,6,42,84,85,256,80,0.41117677092552185,25.0,0.03206394612789154,0.3791128247976303,92.20190720995292,17.25,8.25,-5.0,35.0,40.0,0.030755382031202316,0.026140691712498665,0
0,6,46,92,93,256,80,0.28301429748535156,40.0,0.023339668288826942,0.2596746291965246,91.75318402773098,12.1875,28.238313674926758,-45.0,40.0,85.0,0.017921054735779762,0.015401432290673256,0
0,6,48,96,97,256,80,0.2688943147659302,25.0,0.04607782140374184,0.22281649336218834,82.86396592510626,7.6875,8.549260139465332,-10.0,35.0,45.0,0.02569032646715641,0.021122295409440994,0
0,6,52,104,105,256,80,0.3596048057079315,-15.0,0.054950349032878876,0.30465445667505264,84.71923952053378,-19.3125,25.50421142578125,-45.0,40.0,85.0,0.020032454282045364,0.016117552295327187,0
0,6,53,106,107,256,80,0.5136948227882385,-35.0,0.012992355041205883,0.5007024677470326,97.4708028064823,9.5625,29.761486053466797,-45.0,40.0,85.0,0.024097692221403122,0.018986502662301064,0
0,6,54,108,109,256,80,0.35106539726257324,40.0,0.019184207543730736,0.3318811897188425,94.53543194706192,13.875,16.955364227294922,-45.0,40.0,85.0,0.021550578996539116,0.01778951846063137,0
0,6,56,112,113,256,80,0.354899525642395,-30.0,0.0074204630218446255,0.3474790626205504,97.90913695688575,-1.875,29.040651321411133,-45.0,40.0,85.0,0.021700240671634674,0.0169377401471138,0
0,6,57,114,115,256,80,0.4532777667045593,35.0,0.027684040367603302,0.425593726336956,93.89247776945402,21.9375,12.66130256652832,-45.0,40.0,85.0,0.026629343628883362,0.028339896351099014,0
0,6,58,116,117,256,80,0.2582687735557556,30.0,0.00417381851002574,0.2540949550457299,98.38392444717104,9.25,13.278271675109863,-45.0,40.0,85.0,0.024730317294597626,0.0208323635160923,0
0,6,59,118,119,256,80,0.4015676975250244,-25.0,0.016629943624138832,0.3849377539008856,95.85874468324174,-15.875,6.744210243225098,-30.0,-5.0,25.0,0.029682660475373268,0.024625662714242935,0
0,6,63,126,127,256,80,0.41706719994544983,25.0,0.017852947115898132,0.3992142528295517,95.71940753954442,14.8125,7.178255081176758,-5.0,35.0,40.0,0.03126920014619827,0.03052353672683239,0
0,7,43,86,87,256,80,0.4659969210624695,25.0,0.023088714107871056,0.4429082069545984,95.04530758374348,26.125,5.360445499420166,15.0,35.0,20.0,0.0354965403676033,0.036186691373586655,1
0,7,48,96,97,256,80,0.41208380460739136,20.0,0.062054987996816635,0.3500288166105747,84.94117281412238,17.125,2.7128167152404785,10.0,20.0,10.0,0.04222475364804268,0.04363146051764488,1
0,7,50,100,101,256,80,0.43198269605636597,-35.0,0.07118374854326248,0.3607989475131035,83.52162038130011,-30.8125,6.043785572052002,-35.0,0.0,35.0,0.04619856923818588,0.04840061813592911,0
0,7,52,104,105,256,80,0.45997563004493713,-35.0,0.056487083435058594,0.40348854660987854,87.71954865749298,-36.75,5.706356048583984,-45.0,-5.0,40.0,0.05215112119913101,0.054396383464336395,0
0,7,53,106,107,256,80,0.5542809367179871,20.0,0.056607916951179504,0.49767301976680756,89.7871434499684,21.25,11.25,-30.0,35.0,65.0,0.050826411694288254,0.04806789383292198,0
0,7,54,108,109,256,80,0.643932580947876,-30.0,0.07690197229385376,0.5670306086540222,88.05744971303469,-27.5,2.5,-30.0,-25.0,5.0,0.0607033297419548,0.0668603852391243,1
0,7,57,114,115,256,80,0.38810476660728455,-15.0,0.033757902681827545,0.354346863925457,91.30185826447565,-13.375,2.341874361038208,-15.0,-10.0,5.0,0.056459613144397736,0.058857157826423645,1
0,7,58,116,117,256,80,0.3735150694847107,35.0,0.0020013104658573866,0.3715137590188533,99.46419552265499,35.25,1.0897247791290283,35.0,40.0,5.0,0.022823672741651535,0.024440277367830276,1
0,7,63,126,127,256,80,0.4253600537776947,35.0,0.007428047247231007,0.4179320065304637,98.25370361385343,35.0,0.0,35.0,35.0,0.0,0.007772605866193771,0.007038397248834372,1
1,0,44,88,89,256,80,0.5360986590385437,-40.0,0.008936268277466297,0.5271623907610774,98.33309258905946,-35.8125,10.44161605834961,-45.0,40.0,85.0,0.038095422089099884,0.03761083632707596,0
1,0,45,90,91,256,80,0.2666339576244354,40.0,0.007543517742305994,0.25909043988212943,97.17083382420054,5.5625,16.085586547851562,-45.0,25.0,70.0,0.023110423237085342,0.01883465051651001,0
1,0,46,92,93,256,80,0.4592811167240143,-45.0,0.0036945496685802937,0.455586567055434,99.19557988908123,-26.0625,23.962127685546875,-45.0,40.0,85.0,0.02492479607462883,0.020904425531625748,0
1,0,47,94,95,256,80,0.35756778717041016,-25.0,0.03082241304218769,0.32674537412822247,91.3799804825544,-25.5,11.056672096252441,-35.0,35.0,70.0,0.024650290608406067,0.022425716742873192,0
1,0,48,96,97,256,80,0.4818839430809021,-40.0,0.03171833977103233,0.45016560330986977,93.41784671880896,-31.0625,6.740444660186768,-40.0,-15.0,25.0,0.03575160726904869,0.03618483245372772,0
1,0,50,100,101,256,80,0.3265529274940491,40.0,0.015456674620509148,0.3110962528735399,95.26671687217049,-34.125,9.642840385437012,-45.0,35.0,80.0,0.030307214707136154,0.02990875579416752,0
1,0,51,102,103,256,80,0.5173542499542236,-35.0,0.03925169259309769,0.47810255736112595,92.41299504226151,-30.4375,21.940170288085938,-45.0,40.0,85.0,0.03702855855226517,0.03592749685049057,0
1,0,59,118,119,256,80,0.41513118147850037,-25.0,0.03253517672419548,0.3825960047543049,92.16267575749896,-21.4375,2.5241024494171143,-25.0,-15.0,10.0,0.04079796373844147,0.04039333760738373,1
1,0,60,120,121,256,80,0.3174870014190674,-25.0,0.030533967539668083,0.2869530338793993,90.38260860974124,-26.125,5.914759159088135,-35.0,-5.0,30.0,0.03508594259619713,0.03633175417780876,0
1,0,63,126,127,256,80,0.26379528641700745,-15.0,0.0027214677538722754,0.26107381866313517,98.96834102275422,-20.25,11.696687698364258,-45.0,40.0,85.0,0.02198326401412487,0.01742568612098694,0
1,1,41,82,83,256,80,0.33770355582237244,-40.0,0.029682038351893425,0.308021517470479,91.21062309231183,-26.3125,12.31725788116455,-45.0,25.0,70.0,0.024858763441443443,0.022728532552719116,0
1,1,45,90,91,256,80,0.28592732548713684,-20.0,0.023157192394137383,0.26277013309299946,91.90102157788372,-6.375,7.457169532775879,-25.0,10.0,35.0,0.025676125660538673,0.024834727868437767,0
1,1,46,92,93,256,80,0.49920371174812317,-20.0,0.052243418991565704,0.44696029275655746,89.53464933010645,-18.25,3.269174098968506,-25.0,-10.0,15.0,0.04023873805999756,0.03915821760892868,1
1,1,47,94,95,256,80,0.6104519963264465,-30.0,0.02216249145567417,0.5882895048707724,96.36949480236895,-26.625,3.1399641036987305,-30.0,-20.0,10.0,0.042970120906829834,0.03892385959625244,1
1,1,49,98,99,256,80,0.3793887794017792,-20.0,0.02922465279698372,0.35016412660479546,92.29691166853559,-14.9375,3.0097498893737793,-25.0,-10.0,15.0,0.036131151020526886,0.036148764193058014,1
1,1,50,100,101,256,80,0.4350263178348541,-45.0,0.009120704606175423,0.4259056132286787,97.90341314254972,-22.6875,10.751272201538086,-40.0,40.0,80.0,0.037748806178569794,0.03500182181596756,0
1,1,52,104,105,256,80,0.3347043991088867,-40.0,0.008857504464685917,0.3258468946442008,97.35363368743643,-12.125,33.41757583618164,-45.0,40.0,85.0,0.019544359296560287,0.015025032684206963,0
1,1,57,114,115,256,80,0.3992551565170288,30.0,0.018088482320308685,0.3811666741967201,95.46944303034013,26.625,11.00497055053711,-45.0,40.0,85.0,0.027693945914506912,0.025114189833402634,0
1,1,59,118,119,256,80,0.2539733052253723,25.0,0.01422926690429449,0.23974403832107782,94.39733758960705,18.5625,5.012094974517822,5.0,30.0,25.0,0.022582940757274628,0.022079642862081528,0
1,1,60,120,121,256,80,0.6660811901092529,-40.0,0.0041776481084525585,0.6619035420008004,99.37280196911621,-32.75,20.231473922729492,-45.0,40.0,85.0,0.02720494195818901,0.023803982883691788,0
1,1,61,122,123,256,80,0.4623601734638214,30.0,0.013597995974123478,0.44876217748969793,97.05900361783918,28.5,2.5495097637176514,20.0,35.0,15.0,0.03917039558291435,0.03872509300708771,1
1,1,62,124,125,256,80,0.48572373390197754,40.0,0.03905994072556496,0.4466637931764126,91.95840392402,34.875,3.9508702754974365,30.0,40.0,10.0,0.04143151268362999,0.04319669306278229,1
1,2,46,92,93,256,80,0.260702908039093,-15.0,0.037792570888996124,0.2229103371500969,85.50358675579905,-10.375,4.2407989501953125,-20.0,-5.0,15.0,0.029720205813646317,0.02892548218369484,1
1,2,49,98,99,256,80,0.34278222918510437,20.0,0.0395381860435009,0.30324404314160347,88.4655088049649,18.25,7.075485706329346,-10.0,30.0,40.0,0.027797851711511612,0.02632751315832138,0
1,2,51,102,103,256,80,0.2653350532054901,-15.0,0.05506284534931183,0.21027220785617828,79.24780586503657,-20.75,13.160072326660156,-45.0,40.0,85.0,0.019757289439439774,0.015054609626531601,0
1,2,54,108,109,256,80,0.2611958086490631,-10.0,0.010365840047597885,0.2508299686014652,96.03139112330658,-9.25,3.716517210006714,-20.0,0.0,20.0,0.0351470522582531,0.036465682089328766,1
1,2,57,114,115,256,80,0.616562008857727,40.0,0.02162817306816578,0.5949338357895613,96.49213335277742,-15.25,29.978116989135742,-45.0,40.0,85.0,0.025316882878541946,0.02327566407620907,0
1,3,43,86,87,256,80,0.2636827826499939,10.0,0.024200519546866417,0.23948226310312748,90.82210855648107,9.3125,5.346947193145752,-5.0,20.0,25.0,0.03860029578208923,0.03816540539264679,0
1,3,45,90,91,256,80,0.43609100580215454,-15.0,0.06645232439041138,0.36963868141174316,84.7618218430858,-15.875,3.3330729007720947,-25.0,-10.0,15.0,0.04375772923231125,0.04694194346666336,1
1,3,47,94,95,256,80,0.688347578048706,-40.0,0.018435170873999596,0.6699124071747065,97.32182236679634,-28.5,17.0,-45.0,40.0,85.0,0.030283013358712196,0.026821859180927277,0
1,3,50,100,101,256,80,0.2588447034358978,-10.0,0.04327549785375595,0.21556920558214188,83.281289020282,-5.875,1.899835467338562,-10.0,-5.0,5.0,0.03630903363227844,0.036009013652801514,1
1,3,53,106,107,256,80,0.3525926172733307,-45.0,0.008500893600285053,0.34409172367304564,97.58903244599273,23.75,30.305734634399414,-45.0,40.0,85.0,0.03586651757359505,0.03808218240737915,0
1,3,54,108,109,256,80,0.559980571269989,40.0,0.02154458686709404,0.538435984402895,96.15261886350223,-25.875,35.49449920654297,-45.0,40.0,85.0,0.026166832074522972,0.021744122728705406,0
1,3,55,110,111,256,80,0.3350966274738312,20.0,0.06651070713996887,0.2685859203338623,80.1517825943614,19.5,4.650269031524658,5.0,25.0,20.0,0.034428130835294724,0.031349170953035355,1
1,3,56,112,113,256,80,0.3988501727581024,35.0,0.029867637902498245,0.36898253485560417,92.51156450655154,-12.875,31.342613220214844,-45.0,40.0,85.0,0.02310909517109394,0.01758873462677002,0
1,3,57,114,115,256,80,0.28597038984298706,15.0,0.009174064733088017,0.27679632510989904,96.7919529227746,9.5,7.141428470611572,-10.0,30.0,40.0,0.028223222121596336,0.02811715193092823,0
1,4,36,72,73,256,80,0.2884577810764313,30.0,0.006281164009124041,0.28217661706730723,97.82250144694147,-4.6875,27.310068130493164,-45.0,40.0,85.0,0.03460473567247391,0.0332099124789238,0
1,4,47,94,95,256,80,0.30600351095199585,30.0,0.033372703939676285,0.27263080701231956,89.0940127334318,28.4375,13.171792030334473,-45.0,40.0,85.0,0.020786432549357414,0.012810327112674713,0
1,4,48,96,97,256,80,0.2587931454181671,30.0,0.01504279114305973,0.24375035427510738,94.18733014788585,5.0625,34.500850677490234,-45.0,40.0,85.0,0.015572193078696728,0.010798042640089989,0
1,4,49,98,99,256,80,0.259014755487442,-40.0,0.0026948123704642057,0.2563199431169778,98.9595911764205,-30.3125,6.535659313201904,-45.0,-5.0,40.0,0.027589520439505577,0.027080459520220757,0
1,4,54,108,109,256,80,0.4688456058502197,-35.0,0.007678168825805187,0.46116743702441454,98.36232466935861,-32.1875,5.960481643676758,-45.0,-20.0,25.0,0.03259657695889473,0.03126295655965805,0
1,4,56,112,113,256,80,0.28636687994003296,40.0,0.046842992305755615,0.23952388763427734,83.64231495081944,-30.0625,27.093515396118164,-45.0,40.0,85.0,0.03310822695493698,0.03304586559534073,0
1,5,48,96,97,256,80,0.3060990571975708,-15.0,0.040545832365751266,0.26555322483181953,86.75401592642572,-10.5625,2.7378995418548584,-15.0,-5.0,10.0,0.03799845278263092,0.04088886082172394,1
1,5,49,98,99,256,80,0.3955051600933075,-45.0,0.033012036234140396,0.3624931238591671,91.65319708436871,24.75,24.923633575439453,-45.0,40.0,85.0,0.03601065278053284,0.037594690918922424,0
1,5,51,102,103,256,80,0.3254952132701874,35.0,0.04318564757704735,0.28230956569314003,86.73232483415977,33.3125,4.026765823364258,20.0,40.0,20.0,0.03457317501306534,0.03307346627116203,1
1,5,53,106,107,256,80,0.3560793995857239,-45.0,0.04145792871713638,0.3146214708685875,88.3571111484208,24.25,28.45061492919922,-45.0,40.0,85.0,0.029870927333831787,0.02740434557199478,0
1,5,59,118,119,256,80,0.37292608618736267,25.0,0.02904745563864708,0.3438786305487156,92.21093489714923,26.125,9.905017852783203,-45.0,40.0,85.0,0.026527155190706253,0.024511970579624176,0
1,5,60,120,121,256,80,0.4359821379184723,35.0,0.005255210679024458,0.43072692723944783,98.79462706795407,31.5,3.7416574954986572,25.0,40.0,15.0,0.03381997346878052,0.033513426780700684,1
1,5,63,126,127,256,80,0.623534083366394,40.0,0.08147905021905899,0.542055033147335,86.93270305623675,29.0,4.062019348144531,20.0,40.0,20.0,0.04216690734028816,0.04609755054116249,1
1,6,47,94,95,256,80,0.25721079111099243,40.0,0.002974604954943061,0.25423618615604937,98.84351471332342,-2.25,31.06344223022461,-45.0,40.0,85.0,0.014591673389077187,0.011922979727387428,0
1,7,44,88,89,256,80,0.37686586380004883,-20.0,0.03946802020072937,0.33739784359931946,89.52730294997754,-14.8125,6.043785572052002,-30.0,-5.0,25.0,0.03918299451470375,0.037512607872486115,0
1,7,47,94,95,256,80,0.3169403374195099,20.0,0.032719019800424576,0.2842213176190853,89.6765996821929,4.125,5.851015090942383,-5.0,25.0,30.0,0.04180828109383583,0.04144405946135521,0
1,7,48,96,97,256,80,0.5076221823692322,-45.0,0.027572600170969963,0.4800495821982622,94.56828304029584,-32.375,12.5741548538208,-45.0,35.0,80.0,0.02904914878308773,0.02719525247812271,0
1,7,49,98,99,256,80,0.42285871505737305,-25.0,0.003579519223421812,0.41927919583395123,99.15349522288167,-23.0625,5.3906025886535645,-35.0,-10.0,25.0,0.03032664954662323,0.03250934183597565,0
1,7,50,100,101,256,80,0.36112546920776367,40.0,0.046324197202920914,0.31480127200484276,87.17227081641546,9.9375,36.87388610839844,-45.0,40.0,85.0,0.02764943614602089,0.02291739732027054,0
1,7,51,102,103,256,80,0.4019284248352051,30.0,0.031639743596315384,0.3702886812388897,92.128015427302,23.5625,19.496694564819336,-45.0,40.0,85.0,0.027770131826400757,0.022227171808481216,0
1,7,53,106,107,256,80,0.39083513617515564,-35.0,0.012698857113718987,0.37813627906143665,96.75084045974108,-20.625,30.846139907836914,-45.0,40.0,85.0,0.022108646109700203,0.017910823225975037,0
1,7,55,110,111,256,80,0.2986868917942047,40.0,0.004126370884478092,0.2945605209097266,98.61849615840485,21.8125,13.630016326904297,-45.0,40.0,85.0,0.018431153148412704,0.016743160784244537,0
1,7,56,112,113,256,80,0.4831600785255432,25.0,0.024022087454795837,0.4591379910707474,95.02813073296454,21.0,4.43001127243042,10.0,30.0,20.0,0.03668423742055893,0.03813637048006058,1
1,7,59,118,119,256,80,0.3344268798828125,-30.0,0.003449407173320651,0.33097747270949185,98.96856162562969,-30.5,10.049875259399414,-45.0,15.0,60.0,0.023781832307577133,0.023786846548318863,0
1,7,60,120,121,256,80,0.3689247667789459,-25.0,0.034664589911699295,0.33426017686724663,90.60388647410333,-20.0625,4.293436050415039,-30.0,-10.0,20.0,0.03318294882774353,0.031949594616889954,1
1,7,61,122,123,256,80,0.2653087079524994,40.0,0.0325537733733654,0.232754934579134,87.72985115166526,28.5625,18.289234161376953,-45.0,40.0,85.0,0.02869713306427002,0.026801101863384247,0
1,7,62,124,125,256,80,0.3557116687297821,35.0,0.027493320405483246,0.32821834832429886,92.27089723998662,15.625,10.90799617767334,-5.0,40.0,45.0,0.014151600189507008,0.011959969997406006,0
2,1,59,118,119,256,80,0.30342811346054077,-45.0,0.02373191900551319,0.2796961944550276,92.17873428574066,-2.4375,33.335357666015625,-45.0,40.0,85.0,0.018400369212031364,0.01334625668823719,0
2,3,42,84,85,256,80,0.31465020775794983,30.0,0.010491149500012398,0.30415905825793743,96.66577385256872,17.5,27.556758880615234,-45.0,40.0,85.0,0.021613547578454018,0.017966926097869873,0
3,0,41,82,83,256,80,0.3553248643875122,-45.0,0.036005038768053055,0.31931982561945915,89.86700836989937,-15.0625,30.077959060668945,-45.0,40.0,85.0,0.020247597247362137,0.020637251436710358,0
3,0,49,98,99,256,80,0.3997786045074463,40.0,0.028939465060830116,0.3708391394466162,92.76112710021452,-30.0,18.148691177368164,-45.0,40.0,85.0,0.028792232275009155,0.023673327639698982,0
3,5,41,82,83,256,80,0.3680327236652374,20.0,0.0282862801104784,0.339746443554759,92.3141942844714,21.9375,8.158345222473145,5.0,35.0,30.0,0.039609380066394806,0.036341987550258636,0
3,5,51,102,103,256,80,0.2889532744884491,-30.0,0.027493542060256004,0.2614597324281931,90.48512528230405,4.75,21.00446319580078,-45.0,40.0,85.0,0.017385918647050858,0.011449085548520088,0
5,2,57,114,115,256,80,0.253169983625412,15.0,0.013666215352714062,0.23950376827269793,94.60196064438094,6.8125,6.033435344696045,-5.0,20.0,25.0,0.0291037168353796,0.026633871719241142,0
5,4,44,88,89,256,80,0.3209384083747864,-20.0,0.00848598126322031,0.31245242711156607,97.35588479228996,-17.375,6.372548580169678,-30.0,-5.0,25.0,0.02880653738975525,0.02565832808613777,0
5,5,42,84,85,256,80,0.2896462678909302,20.0,0.026568053290247917,0.26307821460068226,90.82741390603644,16.0625,16.820629119873047,-45.0,40.0,85.0,0.025196503847837448,0.02155819535255432,0
5,5,51,102,103,256,80,0.26251065731048584,40.0,0.00959948543459177,0.25291117187589407,96.34320163114828,8.3125,30.912616729736328,-45.0,40.0,85.0,0.02425353229045868,0.023179855197668076,0
6,0,39,78,79,256,80,0.3466821610927582,-35.0,0.027630187571048737,0.31905197352170944,92.03010980318194,-11.75,32.356414794921875,-45.0,40.0,85.0,0.01851087436079979,0.014591924846172333,0
6,1,50,100,101,256,80,0.30305802822113037,-30.0,0.027267273515462875,0.2757907547056675,91.002622938084,-22.875,19.792280197143555,-45.0,40.0,85.0,0.02106839418411255,0.018357161432504654,0
6,2,49,98,99,256,80,0.32232001423835754,15.0,0.031731024384498596,0.29058898985385895,90.15542846153099,20.125,11.373626708984375,-45.0,40.0,85.0,0.029848352074623108,0.02439085766673088,0
6,2,59,118,119,256,80,0.3096555769443512,20.0,0.018000228330492973,0.2916553486138582,94.18701626235273,15.0625,11.360395431518555,-45.0,35.0,80.0,0.029676267877221107,0.026590967550873756,0
6,3,39,78,79,256,80,0.27824482321739197,-20.0,0.026665925979614258,0.2515788972377777,90.41638019666578,-18.125,12.999399185180664,-40.0,15.0,55.0,0.032895784825086594,0.03064558282494545,0
6,3,51,102,103,256,80,0.32388660311698914,35.0,0.03131191432476044,0.2925746887922287,90.33244536099245,18.1875,16.245071411132812,-45.0,40.0,85.0,0.025542844086885452,0.024541938677430153,0
6,5,45,90,91,256,80,0.40447136759757996,40.0,0.004076413810253143,0.4003949537873268,98.9921625764351,18.625,27.669647216796875,-45.0,40.0,85.0,0.032082971185445786,0.027270594611763954,0
6,5,47,94,95,256,80,0.4557112157344818,-30.0,0.02430558204650879,0.431405633687973,94.66645076809557,-25.5,19.58315658569336,-45.0,40.0,85.0,0.022652437910437584,0.020327694714069366,0
6,5,52,104,105,256,80,0.2518141269683838,35.0,0.004396174103021622,0.24741795286536217,98.25419877909647,-4.125,34.53960418701172,-45.0,40.0,85.0,0.02140098251402378,0.018558090552687645,0
6,6,56,112,113,256,80,0.2812560200691223,-35.0,0.020496485754847527,0.2607595343142748,92.71251660682312,3.6875,24.014888763427734,-45.0,40.0,85.0,0.013513833284378052,0.011416809633374214,0
7,1,47,94,95,256,80,0.33637022972106934,30.0,0.03958611190319061,0.2967841178178787,88.23138660754346,24.25,12.676257133483887,-40.0,40.0,80.0,0.027605194598436356,0.02882828190922737,0
7,1,52,104,105,256,80,0.3532419800758362,30.0,0.02813750132918358,0.3251044787466526,92.03449677098321,4.0,29.34067153930664,-45.0,40.0,85.0,0.02228478156030178,0.01685461215674877,0
7,3,45,90,91,256,80,0.4738729000091553,40.0,0.007063820492476225,0.46680907951667905,98.50934280218604,5.125,39.8824462890625,-45.0,40.0,85.0,0.0313807912170887,0.028782106935977936,0
7,4,55,110,111,256,80,0.2938438653945923,-15.0,0.009699596092104912,0.2841442693024874,96.6990646277132,-7.0625,6.456283092498779,-20.0,15.0,35.0,0.03640363737940788,0.03528832644224167,0
7,4,57,114,115,256,80,0.2847876250743866,25.0,0.011071301996707916,0.2737163230776787,96.11243571632859,11.125,20.675695419311523,-45.0,40.0,85.0,0.018376344814896584,0.013521270826458931,0
7,5,40,80,81,256,80,0.35890546441078186,20.0,0.0215154942125082,0.33738997019827366,94.00524752448939,19.125,9.739577293395996,-5.0,35.0,40.0,0.03591890633106232,0.03724173083901405,0
7,5,43,86,87,256,80,0.340040922164917,-25.0,0.0426078662276268,0.2974330559372902,87.46978276721578,-18.75,27.07050895690918,-45.0,40.0,85.0,0.02231716923415661,0.0224093459546566,0
7,7,37,74,75,256,80,0.30176249146461487,-30.0,0.030810372903943062,0.2709521185606718,89.78985998080681,-13.375,16.76631736755371,-45.0,20.0,65.0,0.030428845435380936,0.030841059982776642,0
7,7,43,86,87,256,80,0.2825750708580017,-25.0,0.00019206649449188262,0.2823830043635098,99.93202992255874,-11.875,13.655928611755371,-45.0,40.0,85.0,0.020937016233801842,0.016489721834659576,0
7,7,45,90,91,256,80,0.454299658536911,40.0,0.05183259770274162,0.4024670608341694,88.59065889028611,10.5,36.66231155395508,-45.0,40.0,85.0,0.03424713760614395,0.03326040506362915,0
8,2,51,102,103,256,80,0.2531094551086426,-20.0,0.004451547749340534,0.24865790735930204,98.2412558442632,-10.125,18.217008590698242,-40.0,40.0,80.0,0.021020645275712013,0.020253730937838554,0
8,2,63,126,127,256,80,0.2695837914943695,25.0,0.008469076827168465,0.26111471466720104,96.85846215745306,13.5,22.0,-45.0,40.0,85.0,0.021639427170157433,0.017574165016412735,0
8,3,51,102,103,256,80,0.2730884850025177,20.0,0.04690719395875931,0.2261812910437584,82.82344495106527,16.4375,8.880939483642578,-10.0,30.0,40.0,0.026571249589323997,0.02448500692844391,0
8,4,39,78,79,256,80,0.37609079480171204,40.0,0.013543037697672844,0.3625477571040392,96.39899782582735,-5.5625,31.917802810668945,-45.0,40.0,85.0,0.021218786016106606,0.016887597739696503,0
8,4,48,96,97,256,80,0.3374779522418976,-25.0,0.02900446020066738,0.3084734920412302,91.40552441782107,-14.625,14.615381240844727,-40.0,30.0,70.0,0.031237846240401268,0.027959564700722694,0
8,4,59,118,119,256,80,0.47615885734558105,25.0,0.009107056073844433,0.4670518012717366,98.08739122808446,25.125,6.273705005645752,-5.0,35.0,40.0,0.03280535340309143,0.031271107494831085,0
8,6,37,74,75,256,80,0.31703269481658936,-35.0,0.023406630381941795,0.29362606443464756,92.61696639979574,-9.0625,28.373554229736328,-45.0,40.0,85.0,0.028861606493592262,0.026572756469249725,0
8,6,40,80,81,256,80,0.3381040394306183,-25.0,0.006013135425746441,0.33209090400487185,98.22151328452838,-17.5625,21.005859375,-45.0,40.0,85.0,0.02709323726594448,0.02509560063481331,0
8,7,47,94,95,256,80,0.31441086530685425,-35.0,0.024543672800064087,0.28986719250679016,92.19375806999854,-13.375,26.53741455078125,-45.0,40.0,85.0,0.02019905298948288,0.019507698714733124,0
9,0,50,100,101,256,80,0.27243733406066895,-35.0,0.001929708058014512,0.27050762600265443,99.29168736558522,-17.9375,26.536457061767578,-45.0,40.0,85.0,0.025441914796829224,0.02392025664448738,0
9,0,60,120,121,256,80,0.25076577067375183,40.0,0.0008630845113657415,0.2499026861623861,99.65582044588987,-14.1875,25.91384506225586,-45.0,40.0,85.0,0.01755322888493538,0.016181809827685356,0
9,0,63,126,127,256,80,0.2596895098686218,-30.0,0.013362722471356392,0.24632678739726543,94.85434645468865,-20.5625,23.9529972076416,-45.0,40.0,85.0,0.02359442226588726,0.02002360299229622,0
9,1,39,78,79,256,80,0.3149201571941376,15.0,0.01261117123067379,0.3023089859634638,95.99543854447543,12.1875,10.02633285522461,-10.0,30.0,40.0,0.03927293419837952,0.03716342896223068,0
9,1,51,102,103,256,80,0.37459442019462585,-25.0,0.02449856698513031,0.35009585320949554,93.45997546562447,-9.625,25.578004837036133,-45.0,40.0,85.0,0.020293066278100014,0.01724332571029663,0
9,2,58,116,117,256,80,0.26364246010780334,-35.0,0.017893511801958084,0.24574894830584526,93.21296281538208,-15.25,28.558053970336914,-45.0,40.0,85.0,0.019858334213495255,0.01760621927678585,0
9,2,61,122,123,256,80,0.2875356078147888,-25.0,0.019472680985927582,0.26806292682886124,93.22773233759953,-15.3125,8.075571060180664,-30.0,10.0,40.0,0.02470337226986885,0.02343037724494934,0
9,3,55,110,111,256,80,0.48709601163864136,30.0,0.004962408449500799,0.48213360318914056,98.98122580950586,6.875,32.904930114746094,-45.0,40.0,85.0,0.023415368050336838,0.017932970076799393,0
9,3,60,120,121,256,80,0.2799561023712158,40.0,0.012654965743422508,0.2673011366277933,95.4796606910028,3.8125,30.426589965820312,-45.0,40.0,85.0,0.020199837163090706,0.01734987273812294,0
9,4,41,82,83,256,80,0.30434277653694153,-25.0,0.021722208708524704,0.2826205678284168,92.86258443334927,-20.3125,20.575223922729492,-45.0,40.0,85.0,0.022291911765933037,0.020012803375720978,0
9,4,44,88,89,256,80,0.26411473751068115,40.0,0.022268561646342278,0.24184617586433887,91.56860315474,2.25,31.043315887451172,-45.0,40.0,85.0,0.021664807572960854,0.01788737252354622,0
9,4,49,98,99,256,80,0.4313579499721527,35.0,0.05140389874577522,0.3799540512263775,88.08323835248807,27.3125,13.805428504943848,-45.0,40.0,85.0,0.027300003916025162,0.025291461497545242,0
9,4,57,114,115,256,80,0.4882775545120239,-30.0,0.007295374758541584,0.48098217975348234,98.50589594153422,-23.4375,16.594308853149414,-45.0,40.0,85.0,0.023295128718018532,0.020472481846809387,0
9,4,58,116,117,256,80,0.3585302233695984,-30.0,0.034980420023202896,0.3235498033463955,90.24338319530105,-14.5625,22.474899291992188,-45.0,40.0,85.0,0.022447487339377403,0.022514890879392624,0
9,5,48,96,97,256,80,0.25337284803390503,-45.0,0.02928532473742962,0.2240875232964754,88.44180622956458,1.0625,35.4056282043457,-45.0,40.0,85.0,0.024296006187796593,0.02060309797525406,0
9,5,54,108,109,256,80,0.2702659070491791,-25.0,0.007755018770694733,0.26251088827848434,97.13059673143177,-19.875,21.301042556762695,-45.0,35.0,80.0,0.01821284554898739,0.017913753166794777,0
9,6,52,104,105,256,80,0.4381244480609894,40.0,0.007185198366641998,0.4309392496943474,98.3600097190555,13.5625,26.210609436035156,-45.0,40.0,85.0,0.027451008558273315,0.025499755516648293,0
9,6,55,110,111,256,80,0.30850374698638916,20.0,0.0281694233417511,0.28033432364463806,90.86901743757625,21.4375,16.82991600036621,-45.0,40.0,85.0,0.02766283228993416,0.025401724502444267,0
9,7,51,102,103,256,80,0.3040594458580017,20.0,0.03586948662996292,0.2681899592280388,88.20313359160883,18.25,14.855554580688477,-45.0,40.0,85.0,0.02333100698888302,0.022071627900004387,0
9,7,62,124,125,256,80,0.30876976251602173,-25.0,0.002444245619699359,0.30632551689632237,99.20839216904456,-18.5,22.408145904541016,-45.0,40.0,85.0,0.022550899535417557,0.020259691402316093,0
10,0,50,100,101,256,80,0.46318376064300537,-25.0,0.006561385001987219,0.45662237564101815,98.58341644083582,-15.0625,7.603196144104004,-40.0,0.0,40.0,0.0316779688000679,0.03267355263233185,0
10,1,40,80,81,256,80,0.3315427899360657,-35.0,0.0018939066212624311,0.32964888331480324,99.42875952101758,-5.3125,33.32926559448242,-45.0,40.0,85.0,0.020492838695645332,0.017560195177793503,0
10,1,51,102,103,256,80,0.35640770196914673,-30.0,0.007166732102632523,0.3492409698665142,97.98917586151016,-22.5,14.186261177062988,-45.0,30.0,75.0,0.025734107941389084,0.022168904542922974,0
10,2,59,118,119,256,80,0.35076016187667847,-35.0,0.006099142134189606,0.34466101974248886,98.26116452291582,-21.6875,18.539548873901367,-45.0,40.0,85.0,0.022435201331973076,0.01637517660856247,0
10,4,36,72,73,256,80,0.2626313865184784,-40.0,0.0029886953998357058,0.2596426911186427,98.86201895384448,-2.375,26.9487361907959,-45.0,40.0,85.0,0.020437702536582947,0.018974874168634415,0
10,4,55,110,111,256,80,0.34212586283683777,35.0,0.0022149758879095316,0.33991088694892824,99.35258449345413,-1.0625,29.386367797851562,-45.0,40.0,85.0,0.020004745572805405,0.015115927904844284,0
10,5,45,90,91,256,80,0.4261571168899536,-35.0,0.06084098666906357,0.36531613022089005,85.72334374864505,-26.125,26.1483154296875,-45.0,40.0,85.0,0.02624857984483242,0.022192716598510742,0
10,6,46,92,93,256,80,0.4574483335018158,-40.0,0.02165677212178707,0.4357915613800287,95.26574466759948,-19.0,30.4897518157959,-45.0,40.0,85.0,0.02770460769534111,0.025660742074251175,0
10,6,49,98,99,256,80,0.30206820368766785,-25.0,0.022198211401700974,0.2798699922859669,92.65125851357283,-4.8125,12.880308151245117,-35.0,30.0,65.0,0.02187967672944069,0.021294374018907547,0
10,6,50,100,101,256,80,0.35266709327697754,-45.0,0.010086494497954845,0.3425805987790227,97.1399388572857,-10.75,32.123783111572266,-45.0,40.0,85.0,0.021508634090423584,0.01691446825861931,0
10,6,51,102,103,256,80,0.3304031193256378,-30.0,0.007430395111441612,0.3229727242141962,97.75111229984533,-23.5,11.135528564453125,-45.0,35.0,80.0,0.030302131548523903,0.029655102640390396,0
10,6,60,120,121,256,80,0.3215278089046478,-30.0,0.02069948986172676,0.30082831904292107,93.56214632499629,-15.75,27.951967239379883,-45.0,40.0,85.0,0.023952286690473557,0.022989172488451004,0
11,1,62,124,125,256,80,0.3611823618412018,40.0,0.00919866468757391,0.3519836971536279,97.4531799834627,13.875,32.26816177368164,-45.0,40.0,85.0,0.02188398316502571,0.019609160721302032,0
11,2,60,120,121,256,80,0.3183651268482208,25.0,0.04138833284378052,0.2769767940044403,86.9997278742429,12.0625,25.965045928955078,-45.0,40.0,85.0,0.02000119350850582,0.015206549316644669,0
11,2,61,122,123,256,80,0.32266438007354736,-25.0,0.0037836614064872265,0.31888071866706014,98.82736935337431,-20.25,9.113862991333008,-35.0,40.0,75.0,0.03308356553316116,0.0347619354724884,0
11,3,53,106,107,256,80,0.2691434919834137,20.0,0.01874392479658127,0.25039956718683243,93.03571315863867,16.25,22.617748260498047,-45.0,40.0,85.0,0.024876385927200317,0.02150070294737816,0
11,3,62,124,125,256,80,0.3984539210796356,-25.0,0.036130718886852264,0.36232320219278336,90.9322717194114,-8.8125,31.526216506958008,-45.0,40.0,85.0,0.023249873891472816,0.019914288073778152,0
11,4,46,92,93,256,80,0.44922134280204773,-45.0,0.012369008734822273,0.43685233406722546,97.24656699130327,-4.875,36.903377532958984,-45.0,40.0,85.0,0.024822575971484184,0.0216642078012228,0
11,5,48,96,97,256,80,0.26418212056159973,-20.0,0.03743789717555046,0.22674422338604927,85.8287543850565,-14.5625,22.419212341308594,-45.0,40.0,85.0,0.018393859267234802,0.014177502132952213,0
11,5,52,104,105,256,80,0.30889859795570374,-40.0,0.04363130033016205,0.2652672976255417,85.87520285980099,-18.9375,25.479082107543945,-45.0,40.0,85.0,0.018309254199266434,0.015276184305548668,0
11,5,53,106,107,256,80,0.29427269101142883,-30.0,0.01019700150936842,0.2840756895020604,96.53484614072721,-23.5,21.14533042907715,-45.0,40.0,85.0,0.023912295699119568,0.02078789472579956,0
11,6,58,116,117,256,80,0.2811972200870514,40.0,0.003049293300136924,0.27814792678691447,98.91560332666413,3.5,31.735233306884766,-45.0,40.0,85.0,0.023945504799485207,0.021576816216111183,0
12,2,61,122,123,256,80,0.2985374927520752,20.0,0.01112243253737688,0.2874150602146983,96.27435990205302,16.375,20.447723388671875,-45.0,40.0,85.0,0.02127843163907528,0.018756937235593796,0
12,3,58,116,117,256,80,0.2601255178451538,-20.0,0.028962189331650734,0.23116332851350307,88.86607143675494,-11.8125,29.413471221923828,-45.0,40.0,85.0,0.021536463871598244,0.019668979570269585,0
12,4,41,82,83,256,80,0.30257293581962585,20.0,0.012484770268201828,0.290088165551424,95.8737980862755,19.4375,10.093121528625488,-5.0,35.0,40.0,0.028814047574996948,0.024817507714033127,0
12,5,40,80,81,256,80,0.2815600037574768,15.0,0.012362931855022907,0.2691970719024539,95.60913066840567,14.375,22.33795738220215,-45.0,40.0,85.0,0.02933354303240776,0.03123108297586441,0
12,5,49,98,99,256,80,0.3377021551132202,15.0,0.013661670498549938,0.3240404846146703,95.9545207835675,16.0625,6.407698154449463,5.0,40.0,35.0,0.03380540758371353,0.030721183866262436,0
12,5,55,110,111,256,80,0.34133702516555786,25.0,0.016990484669804573,0.3243465404957533,95.02237278198469,12.0625,24.144018173217773,-45.0,40.0,85.0,0.028925929218530655,0.028395764529705048,0
12,6,48,96,97,256,80,0.3921215534210205,25.0,0.0007079373463056982,0.3914136160747148,99.81945972106624,23.4375,13.430230140686035,-45.0,40.0,85.0,0.029611557722091675,0.029304224997758865,0
12,6,49,98,99,256,80,0.34781143069267273,30.0,0.031438276171684265,0.31637315452098846,90.9611147313145,17.5625,13.57833194732666,-45.0,40.0,85.0,0.02492561750113964,0.023863384500145912,0
12,6,56,112,113,256,80,0.3157499134540558,-25.0,0.04360327497124672,0.27214663848280907,86.19056629524893,-24.25,17.195566177368164,-45.0,40.0,85.0,0.020676294341683388,0.016421660780906677,0
12,6,61,122,123,256,80,0.28701797127723694,10.0,0.05507222190499306,0.23194574937224388,80.81227399806349,17.0,5.947688579559326,5.0,35.0,30.0,0.032002564519643784,0.0315062515437603,0
12,7,44,88,89,256,80,0.3117530643939972,-40.0,0.018049903213977814,0.2937031611800194,94.21019220803356,12.25,29.6532039642334,-45.0,40.0,85.0,0.017804576084017754,0.011759556829929352,0
13,0,49,98,99,256,80,0.2592097520828247,35.0,0.004671098664402962,0.25453865341842175,98.1979464017579,0.75,31.395660400390625,-45.0,40.0,85.0,0.015750352293252945,0.010336929932236671,0
13,0,54,108,109,256,80,0.2589990198612213,35.0,0.004812992177903652,0.25418602768331766,98.14169482939256,9.125,27.508806228637695,-45.0,40.0,85.0,0.01954006776213646,0.019115779548883438,0
13,0,61,122,123,256,80,0.3699641227722168,-45.0,0.01904202625155449,0.3509220965206623,94.8530073378822,-6.5625,27.789316177368164,-45.0,40.0,85.0,0.023741289973258972,0.021524690091609955,0
13,0,63,126,127,256,80,0.32307353615760803,-25.0,0.03091288171708584,0.2921606544405222,90.43162677923415,-10.375,21.121301651000977,-45.0,40.0,85.0,0.02484806813299656,0.023220853880047798,0
13,1,57,114,115,256,80,0.3535270690917969,-45.0,0.007794072851538658,0.3457329962402582,97.79533915986647,-4.625,28.774717330932617,-45.0,40.0,85.0,0.01941594108939171,0.017246119678020477,0
13,1,58,116,117,256,80,0.30624809861183167,-35.0,0.0012643719092011452,0.3049837267026305,99.58714130310284,-11.1875,30.29277801513672,-45.0,40.0,85.0,0.02103940211236477,0.015779541805386543,0
13,2,49,98,99,256,80,0.2796552777290344,25.0,0.0013114602770656347,0.2783438174519688,99.53104397395413,6.625,30.060096740722656,-45.0,40.0,85.0,0.02565843239426613,0.021443936973810196,0
13,2,53,106,107,256,80,0.2622024416923523,25.0,0.049764107912778854,0.21243833377957344,81.02073055018758,2.5,30.608413696289062,-45.0,40.0,85.0,0.019425686448812485,0.018612537533044815,0
13,2,56,112,113,256,80,0.3569099009037018,20.0,0.03142974525690079,0.325480155646801,91.19392732526609,20.0,22.912878036499023,-45.0,40.0,85.0,0.025134075433015823,0.023077795282006264,0
13,2,61,122,123,256,80,0.27396148443222046,20.0,0.005525531247258186,0.2684359531849623,97.98309924524254,4.8125,14.714868545532227,-35.0,40.0,75.0,0.023093989118933678,0.022256791591644287,0
13,2,63,126,127,256,80,0.2773069441318512,30.0,0.01785152219235897,0.2594554219394922,93.56254050967036,3.75,30.9283447265625,-45.0,40.0,85.0,0.01929358020424843,0.014678376726806164,0
13,3,56,112,113,256,80,0.2903555929660797,-30.0,0.0030987223144620657,0.28725687065161765,98.93278366612209,-18.9375,19.711889266967773,-45.0,35.0,80.0,0.020538771525025368,0.01839662715792656,0
13,4,58,116,117,256,80,0.2626030147075653,35.0,0.011790846474468708,0.2508121682330966,95.51001099983601,-5.4375,29.866304397583008,-45.0,40.0,85.0,0.017875883728265762,0.011385775171220303,0
13,5,58,116,117,256,80,0.3974973261356354,40.0,0.021383440122008324,0.37611388601362705,94.62048202188113,6.125,30.124481201171875,-45.0,40.0,85.0,0.023518521338701248,0.02117237262427807,0
13,6,54,108,109,256,80,0.5230745673179626,-35.0,0.022402573376893997,0.5006719939410686,95.71713580116081,-33.0625,12.587040901184082,-45.0,40.0,85.0,0.03057577647268772,0.02334415353834629,0
13,7,39,78,79,256,80,0.2533789277076721,-15.0,0.01897096075117588,0.23440796695649624,92.51281038924317,-10.3125,14.584747314453125,-45.0,25.0,70.0,0.029045602306723595,0.03045753203332424,0
13,7,52,104,105,256,80,0.4429965913295746,35.0,0.004396201577037573,0.438600389752537,99.00762180497978,-12.375,26.469026565551758,-45.0,40.0,85.0,0.022454742342233658,0.01884087175130844,0
13,7,55,110,111,256,80,0.41742566227912903,35.0,0.02220352552831173,0.3952221367508173,94.68084319323319,8.3125,24.237674713134766,-45.0,40.0,85.0,0.019679119810461998,0.01867915689945221,0
14,0,43,86,87,256,80,0.35070040822029114,-40.0,0.022933999076485634,0.3277664091438055,93.46051543171295,0.0,31.034255981445312,-45.0,40.0,85.0,0.019383152946829796,0.015379957854747772,0
14,0,53,106,107,256,80,0.2857399880886078,35.0,0.03194040060043335,0.25379958748817444,88.82186535595127,1.5,29.233970642089844,-45.0,40.0,85.0,0.019900575280189514,0.015250382013618946,0
14,1,51,102,103,256,80,0.45869821310043335,-45.0,0.053985945880413055,0.4047122672200203,88.23061779214024,-4.25,35.97829055786133,-45.0,40.0,85.0,0.02964533492922783,0.026599286124110222,0
14,1,56,112,113,256,80,0.3071766197681427,20.0,0.0621381551027298,0.2450384646654129,79.77119640497648,16.375,17.58861541748047,-45.0,40.0,85.0,0.0246384646743536,0.023641569539904594,0
14,2,43,86,87,256,80,0.30784887075424194,35.0,0.020049050450325012,0.28779982030391693,93.4873724236168,9.75,19.982805252075195,-45.0,40.0,85.0,0.021044258028268814,0.014019990339875221,0
14,3,39,78,79,256,80,0.31313878297805786,-25.0,0.028855672106146812,0.28428311087191105,90.78502131492004,-14.875,25.968429565429688,-45.0,40.0,85.0,0.025015806779265404,0.019264021888375282,0
14,3,46,92,93,256,80,0.2966363728046417,25.0,0.0017420124495401978,0.2948943603551015,99.41274482523171,16.1875,24.21574592590332,-45.0,40.0,85.0,0.022795457392930984,0.021937914192676544,0
14,3,47,94,95,256,80,0.2648243308067322,30.0,0.0066925822757184505,0.2581317485310137,97.47282198152605,9.875,24.341001510620117,-45.0,40.0,85.0,0.01877734437584877,0.016852281987667084,0
14,3,58,116,117,256,80,0.29288578033447266,-35.0,0.00277489866130054,0.2901108816731721,99.05256627408417,-10.9375,25.897560119628906,-45.0,40.0,85.0,0.020646575838327408,0.0158141627907753,0
14,3,60,120,121,256,80,0.2713627219200134,-15.0,0.044280003756284714,0.22708271816372871,83.68235568873139,-12.5625,19.10487174987793,-45.0,40.0,85.0,0.022020012140274048,0.018184445798397064,0
14,3,61,122,123,256,80,0.3108423054218292,20.0,0.015552996657788754,0.29528930876404047,94.99649938682492,-0.25,16.10318374633789,-30.0,35.0,65.0,0.020209267735481262,0.017036866396665573,0
14,5,50,100,101,256,80,0.28367453813552856,-35.0,0.017912257462739944,0.2657622806727886,93.68563087104343,-13.875,22.844242095947266,-40.0,40.0,80.0,0.021347040310502052,0.017056412994861603,0
14,5,53,106,107,256,80,0.27856874465942383,-45.0,0.017931103706359863,0.26063764095306396,93.56313152493748,-16.625,21.991121292114258,-45.0,40.0,85.0,0.01837957836687565,0.01535492017865181,0
14,6,51,102,103,256,80,0.27776286005973816,-45.0,0.02200991101562977,0.2557529490441084,92.07600648592971,-5.625,25.29050064086914,-45.0,40.0,85.0,0.019935140386223793,0.01472780853509903,0
14,7,47,94,95,256,80,0.3446807265281677,-30.0,0.030152836814522743,0.314527889713645,91.25195159060958,-15.625,28.672449111938477,-45.0,40.0,85.0,0.019572895020246506,0.016818970441818237,0
14,7,51,102,103,256,80,0.3768859803676605,30.0,0.024939101189374924,0.3519468791782856,93.38285251018192,2.0,27.834331512451172,-45.0,40.0,85.0,0.015099888667464256,0.011935284361243248,0
15,1,45,90,91,256,80,0.26045599579811096,-15.0,0.012739324010908604,0.24771667178720236,95.10883826195987,-11.625,6.112231731414795,-25.0,5.0,30.0,0.02821270562708378,0.03030133992433548,0
15,1,51,102,103,256,80,0.48329243063926697,-40.0,0.045764971524477005,0.43752745911478996,90.53058384052443,-1.9375,36.27579879760742,-45.0,40.0,85.0,0.028197651728987694,0.023573704063892365,0
15,1,55,110,111,256,80,0.2977561354637146,-45.0,0.01809862069785595,0.27965751476585865,93.92166321957738,3.125,35.65787887573242,-45.0,40.0,85.0,0.02240610122680664,0.020395830273628235,0
15,1,56,112,113,256,80,0.3505677580833435,-40.0,0.014228345826268196,0.3363394122570753,95.94134215192557,-4.75,30.79062271118164,-45.0,40.0,85.0,0.020953763276338577,0.018636483699083328,0
15,1,61,122,123,256,80,0.4106845259666443,35.0,0.04021257534623146,0.3704719506204128,90.20840260499673,14.5,22.39698600769043,-45.0,40.0,85.0,0.026311445981264114,0.023160496726632118,0
15,2,51,102,103,256,80,0.37034904956817627,-25.0,0.019694218412041664,0.3506548311561346,94.68225490655236,-20.75,3.269174098968506,-25.0,-10.0,15.0,0.03301817923784256,0.03446196764707565,1
15,2,60,120,121,256,80,0.3079928159713745,40.0,0.03970404714345932,0.2682887688279152,87.10877491793526,-7.0625,30.564416885375977,-45.0,40.0,85.0,0.020499134436249733,0.01874407008290291,0
15,4,35,70,71,256,80,0.295284628868103,-45.0,0.0032412733417004347,0.2920433555264026,98.90232236126715,-5.125,27.22562026977539,-45.0,40.0,85.0,0.022792024537920952,0.02040969952940941,0
15,4,49,98,99,256,80,0.35812583565711975,-25.0,0.021463720127940178,0.3366621155291796,94.00665408890238,-15.875,23.96318817138672,-45.0,40.0,85.0,0.02508491277694702,0.020068012177944183,0
15,5,61,122,123,256,80,0.39709335565567017,-30.0,0.01946006901562214,0.377633286640048,95.09937178790358,-12.4375,26.064748764038086,-45.0,40.0,85.0,0.01979449763894081,0.013610249385237694,0
15,6,38,76,77,256,80,0.34422656893730164,35.0,0.018555980175733566,0.32567058876156807,94.60937015029964,0.375,32.86121368408203,-45.0,40.0,85.0,0.025195177644491196,0.021916668862104416,0
15,6,40,80,81,256,80,0.25508543848991394,35.0,0.01758475787937641,0.23750068061053753,93.10632626327994,-1.9375,32.05945587158203,-45.0,40.0,85.0,0.018946701660752296,0.016521334648132324,0
15,6,54,108,109,256,80,0.4600559175014496,-45.0,0.0005939227412454784,0.4594619947602041,99.8709020537175,-9.625,35.91461181640625,-45.0,40.0,85.0,0.02085644006729126,0.015603629872202873,0
15,6,61,122,123,256,80,0.2750163972377777,-30.0,0.02378043346107006,0.25123596377670765,91.35308523421982,-7.8125,27.566326141357422,-45.0,40.0,85.0,0.015366410836577415,0.012213252484798431,0
15,7,56,112,113,256,80,0.253620445728302,-25.0,0.04190022870898247,0.21172021701931953,83.47915973861616,-15.4375,9.259918212890625,-40.0,10.0,50.0,0.020997878164052963,0.018035292625427246,0
16,0,62,124,125,256,80,0.3653748333454132,-40.0,0.012027536518871784,0.3533472968265414,96.70816503459028,-11.4375,18.81146240234375,-45.0,40.0,85.0,0.02124093845486641,0.01797548122704029,0
16,4,58,116,117,256,80,0.2920607924461365,15.0,0.03089378960430622,0.26116700284183025,89.42213730725125,13.5625,13.397615432739258,-20.0,40.0,60.0,0.021612603217363358,0.01862630993127823,0
16,4,62,124,125,256,80,0.335395872592926,-45.0,0.008785360492765903,0.3266105121001601,97.38059970003603,-7.4375,32.509552001953125,-45.0,40.0,85.0,0.025143617764115334,0.018893012776970863,0
16,6,53,106,107,256,80,0.3009697198867798,-40.0,0.0006491260719485581,0.3003205938148312,99.78432180081347,0.625,29.393611907958984,-45.0,40.0,85.0,0.020464103668928146,0.018031472340226173,0
16,7,46,92,93,256,80,0.3677143156528473,-45.0,0.026022713631391525,0.34169160202145576,92.92311652724472,-7.625,21.168594360351562,-45.0,40.0,85.0,0.018367748707532883,0.01525817159563303,0
16,7,61,122,123,256,80,0.2767726480960846,-35.0,0.013686103746294975,0.2630865443497896,95.05510972979393,-17.25,21.605844497680664,-45.0,40.0,85.0,0.01942603290081024,0.013570941984653473,0
17,1,40,80,81,256,80,0.32611557841300964,-25.0,0.02626792900264263,0.299847649410367,91.94520877215636,4.75,30.381942749023438,-45.0,40.0,85.0,0.021145731210708618,0.018512727692723274,0
17,1,48,96,97,256,80,0.29721876978874207,25.0,0.034070249646902084,0.26314852014184,88.5369791177325,15.3125,19.49909782409668,-45.0,40.0,85.0,0.01897956058382988,0.01689297705888748,0
17,1,58,116,117,256,80,0.33447563648223877,-45.0,0.019499437883496284,0.3149761985987425,94.17014701322447,-19.375,27.80933952331543,-45.0,40.0,85.0,0.02405468560755253,0.019366376101970673,0
17,2,35,70,71,256,80,0.26297396421432495,-35.0,0.014861769042909145,0.2481121951714158,94.34857778133627,-3.8125,28.605546951293945,-45.0,40.0,85.0,0.01887950301170349,0.014615366235375404,0
17,3,41,82,83,256,80,0.30877962708473206,-30.0,0.045025259256362915,0.26375436782836914,85.41831931029324,-18.5,24.728525161743164,-45.0,40.0,85.0,0.022188613191246986,0.019511628895998,0
17,3,45,90,91,256,80,0.3267759680747986,-35.0,0.0017291136318817735,0.3250468544429168,99.47085654980418,-21.4375,21.566665649414062,-45.0,40.0,85.0,0.02019830420613289,0.01765761338174343,0
17,3,53,106,107,256,80,0.2989133596420288,25.0,0.03597307205200195,0.26294028759002686,87.96538498811749,7.4375,32.1422004699707,-45.0,40.0,85.0,0.021858561784029007,0.017426542937755585,0
17,4,38,76,77,256,80,0.4084940254688263,40.0,0.04498857632279396,0.36350544914603233,88.98672354603943,-6.5625,32.03117370605469,-45.0,40.0,85.0,0.03260231763124466,0.03249843418598175,0
17,7,59,118,119,256,80,0.3050656318664551,-30.0,0.0015419641276821494,0.30352366773877293,99.49454675761145,-11.8125,25.251779556274414,-45.0,40.0,85.0,0.016787534579634666,0.015583846718072891,0
18,1,51,102,103,256,80,0.46333935856819153,40.0,0.020532462745904922,0.4428068958222866,95.56859084681383,-5.875,34.349082946777344,-45.0,40.0,85.0,0.022104285657405853,0.016158200800418854,0
18,2,46,92,93,256,80,0.25660598278045654,20.0,0.03254413232207298,0.22406185045838356,87.31746938655104,0.125,33.27888870239258,-45.0,40.0,85.0,0.022828083485364914,0.017321355640888214,0
18,4,48,96,97,256,80,0.3186042904853821,-45.0,0.027658730745315552,0.29094555974006653,91.31878271219183,-13.875,32.32621765136719,-45.0,40.0,85.0,0.02799566090106964,0.023849453777074814,0
18,6,59,118,119,256,80,0.3055054843425751,-40.0,0.03830838203430176,0.2671971023082733,87.46065651923122,6.0,31.90219497680664,-45.0,40.0,85.0,0.020164068788290024,0.01879226788878441,0
18,7,46,92,93,256,80,0.40559613704681396,-45.0,0.011661430820822716,0.39393470622599125,97.12486639894286,-16.9375,33.057655334472656,-45.0,40.0,85.0,0.021195121109485626,0.016274522989988327,0
18,7,49,98,99,256,80,0.31280627846717834,30.0,0.01395044568926096,0.2988558327779174,95.5402283619046,3.25,33.99540328979492,-45.0,40.0,85.0,0.02227439545094967,0.02089780569076538,0
19,2,49,98,99,256,80,0.29779186844825745,-40.0,0.006504143588244915,0.29128772486001253,97.8158760270598,-18.4375,20.955215454101562,-45.0,40.0,85.0,0.02460564114153385,0.021593037992715836,0
19,2,53,106,107,256,80,0.2763201594352722,30.0,0.024925608187913895,0.2513945512473583,90.97944636437114,-14.3125,28.226137161254883,-45.0,40.0,85.0,0.019855841994285583,0.014596117660403252,0
19,2,59,118,119,256,80,0.3233463764190674,40.0,0.008748114109039307,0.3145982623100281,97.29450683631553,-17.5625,19.669038772583008,-45.0,40.0,85.0,0.02509635128080845,0.022766603156924248,0
19,2,61,122,123,256,80,0.30084627866744995,40.0,0.027488721534609795,0.27335755713284016,90.86286802138066,-14.3125,24.209293365478516,-45.0,40.0,85.0,0.02354637160897255,0.021978724747896194,0
19,4,39,78,79,256,80,0.5652972459793091,-45.0,0.016356538981199265,0.5489407069981098,97.10655958479622,-1.25,35.21807098388672,-45.0,40.0,85.0,0.036594875156879425,0.04003576189279556,0
19,4,40,80,81,256,80,0.39980608224868774,40.0,0.0067975809797644615,0.3930085012689233,98.29978049820257,18.8125,18.745729446411133,-45.0,40.0,85.0,0.033017050474882126,0.028265871107578278,0
19,4,52,104,105,256,80,0.30699002742767334,40.0,0.012269416823983192,0.29472061060369015,96.00331746057326,-16.6875,22.2618465423584,-45.0,40.0,85.0,0.021381761878728867,0.01614975556731224,0
19,4,56,112,113,256,80,0.49239981174468994,-30.0,0.03987878933548927,0.45252102240920067,91.90113635620834,-19.9375,8.785419464111328,-40.0,5.0,45.0,0.02843412384390831,0.026262564584612846,0
20,6,48,96,97,256,80,0.32906046509742737,-35.0,0.003959179390221834,0.32510128570720553,98.79682313429855,-16.6875,23.531147003173828,-45.0,40.0,85.0,0.018617920577526093,0.01265822071582079,0
20,7,39,78,79,256,80,0.2900698184967041,-25.0,0.007901770994067192,0.2821680475026369,97.27590721605634,-11.8125,31.387136459350586,-45.0,40.0,85.0,0.023263338953256607,0.01918124035000801,0
20,7,59,118,119,256,80,0.3823505640029907,-35.0,0.014256707392632961,0.36809385661035776,96.27129949976445,-22.5,22.953758239746094,-45.0,40.0,85.0,0.026538247242569923,0.024220775812864304,0
21,2,50,100,101,256,80,0.28762516379356384,-45.0,0.047685809433460236,0.2399393543601036,83.42084927322784,-2.125,32.651329040527344,-45.0,40.0,85.0,0.017618101090192795,0.011047914624214172,0
22,1,50,100,101,256,80,0.5974158644676208,30.0,0.03673161193728447,0.5606842525303364,93.85158411050611,29.3125,3.7702577114105225,20.0,40.0,20.0,0.039291154593229294,0.03759579360485077,1
22,1,55,110,111,256,80,0.35773801803588867,-35.0,0.036819443106651306,0.32091857492923737,89.70770752608196,-11.3125,18.41778564453125,-40.0,40.0,80.0,0.025761520490050316,0.021060660481452942,0
22,2,39,78,79,256,80,0.2906913161277771,-45.0,0.01184703130275011,0.278844284825027,95.9245320910988,-10.6875,31.102087020874023,-45.0,40.0,85.0,0.0205556470900774,0.016600919887423515,0
22,6,53,106,107,256,80,0.4480137228965759,-45.0,0.026476891711354256,0.42153683118522167,94.09016055575904,-25.375,31.00176429748535,-45.0,40.0,85.0,0.03149976581335068,0.025882072746753693,0
23,0,60,120,121,256,80,0.2958827316761017,15.0,0.027201954275369644,0.26868077740073204,90.80650833481313,22.875,20.35274887084961,-45.0,40.0,85.0,0.027626508846879005,0.023561885580420494,0
23,3,48,96,97,256,80,0.31659597158432007,-30.0,0.014677057974040508,0.30191891361027956,95.36410463449896,-8.0,25.044960021972656,-45.0,40.0,85.0,0.01442842185497284,0.01057165302336216,0
23,3,55,110,111,256,80,0.35126569867134094,-40.0,0.005827867891639471,0.34543783077970147,98.34089468066955,-1.25,21.264699935913086,-45.0,40.0,85.0,0.014931192621588707,0.013645704835653305,0
24,3,41,82,83,256,80,0.35636815428733826,-35.0,0.021038470789790154,0.3353296834975481,94.09642232711205,0.9375,34.68693542480469,-45.0,40.0,85.0,0.020394321531057358,0.019018277525901794,0
24,5,45,90,91,256,80,0.282524436712265,25.0,0.02457435615360737,0.25795008055865765,91.301865268867,5.5,33.82491683959961,-45.0,40.0,85.0,0.025490695610642433,0.020374659448862076,0
25,0,63,126,127,256,80,0.3707997798919678,30.0,0.029960153624415398,0.3408396262675524,91.92012637301342,28.375,6.112231731414795,5.0,40.0,35.0,0.03232751786708832,0.031600866466760635,0
26,3,59,118,119,256,80,0.3456548750400543,-35.0,0.01087023876607418,0.33478463627398014,96.85517562429445,-4.5625,32.655338287353516,-45.0,40.0,85.0,0.021609965711832047,0.018855664879083633,0
26,4,49,98,99,256,80,0.2560572028160095,30.0,0.02587537094950676,0.23018183186650276,89.894691238934,-5.75,27.580564498901367,-45.0,40.0,85.0,0.01784532330930233,0.01737290993332863,0
26,6,50,100,101,256,80,0.28958624601364136,-30.0,0.025563668459653854,0.2640225775539875,91.17234716373594,-10.4375,28.053451538085938,-45.0,40.0,85.0,0.017863502725958824,0.013736212626099586,0
26,6,63,126,127,256,80,0.286056250333786,-45.0,0.003252816153690219,0.2828034341800958,98.86287534360999,-20.9375,20.296146392822266,-45.0,40.0,85.0,0.02180134877562523,0.018524136394262314,0
27,2,46,92,93,256,80,0.3135516047477722,30.0,0.029968542978167534,0.2835830617696047,90.44222943707308,18.375,19.886789321899414,-45.0,40.0,85.0,0.02141568250954151,0.019712425768375397,0
27,2,58,116,117,256,80,0.31571096181869507,-30.0,0.009682171046733856,0.3060287907719612,96.93321670208775,-23.375,14.827655792236328,-45.0,35.0,80.0,0.02532307431101799,0.021969351917505264,0
27,2,60,120,121,256,80,0.4350202679634094,35.0,0.0038746504578739405,0.4311456175055355,99.10931725640889,23.6875,22.188732147216797,-45.0,40.0,85.0,0.030140023678541183,0.02707173302769661,0
27,3,51,102,103,256,80,0.3890816867351532,20.0,0.036914676427841187,0.352167010307312,90.5123582819849,18.8125,6.136150360107422,0.0,30.0,30.0,0.03553030639886856,0.03142296522855759,0
27,5,55,110,111,256,80,0.3679978549480438,-35.0,0.030943606048822403,0.3370542488992214,91.59136238628587,-21.3125,12.493592262268066,-40.0,30.0,70.0,0.02667047455906868,0.022665631026029587,0
27,7,44,88,89,256,80,0.380572110414505,-25.0,0.034734491258859634,0.34583761915564537,90.87308546571421,-27.125,8.092241287231445,-40.0,-5.0,35.0,0.025577956810593605,0.022138070315122604,0
27,7,52,104,105,256,80,0.2586430013179779,-30.0,0.009116982109844685,0.24952601920813322,96.4750710193638,-16.75,14.407029151916504,-45.0,35.0,80.0,0.018928375095129013,0.01584227755665779,0
28,0,48,96,97,256,80,0.5121507048606873,-35.0,0.017032044008374214,0.49511866085231304,96.67440777749057,-20.0,26.925823211669922,-45.0,40.0,85.0,0.029983961954712868,0.026984283700585365,0
28,0,62,124,125,256,80,0.3522889018058777,-15.0,0.01605803146958351,0.3362308703362942,95.44180035554115,-12.0625,22.84039306640625,-45.0,40.0,85.0,0.021704675629734993,0.016452409327030182,0
28,2,38,76,77,256,80,0.34184539318084717,-30.0,0.007730717770755291,0.3341146754100919,97.7385338738014,-11.75,28.96225929260254,-45.0,40.0,85.0,0.034756142646074295,0.03094683215022087,0
29,2,50,100,101,256,80,0.28279873728752136,-25.0,0.02723732590675354,0.2555614113807678,90.368653634029,-18.625,18.60737419128418,-45.0,40.0,85.0,0.018109580501914024,0.01598290354013443,0
29,2,52,104,105,256,80,0.3358100354671478,-20.0,0.036851800978183746,0.2989582344889641,89.02599771120035,-19.1875,17.07417106628418,-45.0,40.0,85.0,0.019762149080634117,0.01599227823317051,0
29,3,53,106,107,256,80,0.32423102855682373,35.0,0.04023020341992378,0.28400082513689995,87.59211800332886,11.0,24.954959869384766,-45.0,40.0,85.0,0.023773126304149628,0.023566696792840958,0
29,3,60,120,121,256,80,0.38665032386779785,25.0,0.03484423831105232,0.35180608555674553,90.98817816509417,11.25,27.357585906982422,-45.0,40.0,85.0,0.022482257336378098,0.01655801758170128,0
29,5,53,106,107,256,80,0.3328942656517029,35.0,0.004430806264281273,0.3284634593874216,98.66900492995663,14.125,12.864072799682617,-15.0,40.0,55.0,0.01901683583855629,0.01784522272646427,0
29,7,50,100,101,256,80,0.4322446286678314,35.0,0.029238484799861908,0.4030061438679695,93.23566266399324,22.0625,23.883750915527344,-45.0,40.0,85.0,0.027762606739997864,0.026230547577142715,0
30,0,47,94,95,256,80,0.2562195658683777,-20.0,0.027594715356826782,0.2286248505115509,89.2300514742881,-20.4375,12.098392486572266,-45.0,40.0,85.0,0.026380693539977074,0.023735303431749344,0
31,0,48,96,97,256,80,0.2974896728992462,-25.0,0.015834668651223183,0.28165500424802303,94.67723753335596,-13.9375,24.795333862304688,-45.0,40.0,85.0,0.019454536959528923,0.015898078680038452,0
31,2,45,90,91,256,80,0.29869595170021057,-25.0,0.006902431603521109,0.29179352009668946,97.6891445752004,-16.25,7.520804405212402,-35.0,10.0,45.0,0.0291979368776083,0.028653394430875778,0
31,2,54,108,109,256,80,0.3209265470504761,-35.0,0.01188871543854475,0.3090378316119313,96.2955026476277,0.375,30.40122413635254,-45.0,40.0,85.0,0.01738535240292549,0.015327569097280502,0
31,5,41,82,83,256,80,0.38966646790504456,25.0,0.022622274234890938,0.3670441936701536,94.19445189715333,22.4375,22.693525314331055,-45.0,40.0,85.0,0.033025454729795456,0.03468286991119385,0
31,6,48,96,97,256,80,0.36638882756233215,15.0,0.009676340967416763,0.3567124865949154,97.35899671619474,18.8125,5.875997066497803,10.0,40.0,30.0,0.03653774783015251,0.036465808749198914,0
