layer,head,pair,dim0,dim1,override_priority,search_window_deg,search_step_deg,search_grid_size,search_grid_min_deg,search_grid_max_deg,coarse_best_alpha_deg,coarse_best_alpha_rad,coarse_best_gap_csv,coarse_best_gap_recomputed,refined_best_alpha_deg,refined_best_alpha_rad,refined_best_gap,gap_at_zero_deg,refine_delta_deg,gap_improvement_vs_coarse,gap_improvement_vs_coarse_pct,gap_improvement_vs_zero,gap_improvement_vs_zero_pct,post_residual_gap,support_count_234,criterion1_residual_gap,criterion2_pre_line_like,criterion3_post_directional,criterion4_bucket_consistent
1,3,47,94,95,high,10.0,1.0,21,-45.0,44.0,-40.0,-0.6981317007977318,0.018435170873999596,0.018435170873999596,-39.0,-0.6806784082777885,0.016169020906090736,0.688347578048706,1.0,0.0022661499679088593,12.292535737246505,0.6721785571426153,97.65103830946484,0.6883475232372191,2,1,1,1,0
1,1,60,120,121,high,10.0,1.0,21,-45.0,44.0,-40.0,-0.6981317007977318,0.0041776481084525585,0.0041776481084525585,-40.0,-0.6981317007977318,0.0041776481084525585,0.6660811901092529,0.0,0.0,0.0,0.6619035420008004,99.37280196911621,0.6660811697006375,2,1,1,1,0
0,7,54,108,109,high,10.0,1.0,21,-40.0,-20.0,-30.0,-0.5235987755982988,0.07690197229385376,0.07690197229385376,-28.0,-0.4886921905584123,0.012227836064994335,0.643932580947876,2.0,0.06467413622885942,84.09945063792385,0.6317047448828816,98.10106889653031,0.6439325965799612,3,1,1,1,1
1,2,57,114,115,high,10.0,1.0,21,-44.0,45.0,40.0,0.6981317007977318,0.02162817306816578,0.02162817306816578,41.0,0.7155849933176751,0.000566866947337985,0.616562008857727,1.0,0.021061306120827794,97.37903453263768,0.6159951419103891,99.90806002653518,0.61656195505891,2,1,1,1,0
0,4,49,98,99,high,10.0,1.0,21,-45.0,44.0,-45.0,-0.7853981633974483,0.07564064860343933,0.07564064860343933,-43.0,-0.7504915783575618,0.01454484835267067,0.6270688772201538,2.0,0.06109580025076866,80.77112158447393,0.6125240288674831,97.68050227318741,0.6270688707114811,3,1,1,1,1
1,5,63,126,127,high,10.0,1.0,21,-44.0,45.0,40.0,0.6981317007977318,0.08147905021905899,0.08147905021905899,38.0,0.6632251157578453,0.014962727203965187,0.623534083366394,-2.0,0.0665163230150938,81.63610503100193,0.6085713561624289,97.60033531396022,0.623534141571964,3,1,1,1,1
1,1,47,94,95,high,10.0,1.0,21,-40.0,-20.0,-30.0,-0.5235987755982988,0.02216249145567417,0.02216249145567417,-29.0,-0.5061454830783556,0.007693370338529348,0.6104519963264465,1.0,0.014469121117144823,65.28652767259321,0.6027586259879172,98.73972558287528,0.6104519726323427,3,1,1,1,1
22,1,50,100,101,high,10.0,1.0,21,20.0,40.0,30.0,0.5235987755982988,0.03673161193728447,0.03673161193728447,29.0,0.5061454830783556,0.012372459284961224,0.5974158644676208,-1.0,0.024359152652323246,66.31659044507506,0.5850434051826596,97.9290038948017,0.5974158645215005,2,1,0,1,1
19,4,39,78,79,high,10.0,1.0,21,-45.0,44.0,-45.0,-0.7853981633974483,0.016356538981199265,0.016356538981199265,44.0,0.767944870877505,0.002749771112576127,0.5652972459793091,-1.0,0.013606767868623137,83.1885515894481,0.562547474866733,99.51357075730796,0.5652972358218821,2,1,1,1,0
1,3,54,108,109,high,10.0,1.0,21,-44.0,45.0,40.0,0.6981317007977318,0.02154458686709404,0.02154458686709404,41.0,0.7155849933176751,0.008908445946872234,0.559980571269989,1.0,0.012636140920221806,58.65111732321736,0.5510721253231168,98.40915088774086,0.559980578060197,2,1,1,1,0
0,7,53,106,107,high,10.0,1.0,21,10.0,30.0,20.0,0.3490658503988659,0.056607916951179504,0.056607916951179504,22.0,0.3839724354387525,0.008862802758812904,0.5542809367179871,2.0,0.0477451141923666,84.3435278382413,0.5454181339591742,98.40102695732395,0.5542809631508819,2,1,1,1,0
0,4,42,84,85,high,10.0,1.0,21,25.0,45.0,35.0,0.6108652381980153,0.05897776782512665,0.05897776782512665,37.0,0.6457718232379019,0.012089203111827374,0.5487631559371948,2.0,0.046888564713299274,79.50210128726347,0.5366739528253675,97.79700896807093,0.5487631667024526,2,1,1,1,0
0,5,61,122,123,high,10.0,1.0,21,-45.0,44.0,-45.0,-0.7853981633974483,0.04682547599077225,0.04682547599077225,-43.0,-0.7504915783575618,0.005252230446785688,0.533920407295227,2.0,0.04157324554398656,88.78339122955049,0.5286681768484414,99.01628962387993,0.5339203694073811,2,1,1,1,0
0,3,55,110,111,high,10.0,1.0,21,25.0,45.0,35.0,0.6108652381980153,0.06854874640703201,0.06854874640703201,37.0,0.6457718232379019,0.01358082052320242,0.538382351398468,2.0,0.054967925883829594,80.18808332020899,0.5248015308752656,97.47747665057635,0.5383823688334425,2,1,1,1,0
0,4,62,124,125,high,10.0,1.0,21,-45.0,44.0,-40.0,-0.6981317007977318,0.016785699874162674,0.016785699874162674,-39.0,-0.6806784082777885,0.01050623506307602,0.534613847732544,1.0,0.006279464811086655,37.409609716377076,0.5241076126694679,98.03479930277975,0.5346138435392203,3,1,1,1,1
13,6,54,108,109,high,10.0,1.0,21,-45.0,-25.0,-35.0,-0.6108652381980153,0.022402573376893997,0.022402573376893997,-37.0,-0.6457718232379019,0.004090782254934311,0.5230745673179626,-2.0,0.018311791121959686,81.73967701784858,0.5189837850630283,99.21793516440503,0.523074568517743,2,1,1,1,0
0,2,48,96,97,high,10.0,1.0,21,25.0,45.0,35.0,0.6108652381980153,0.04965590313076973,0.04965590313076973,33.0,0.5759586531581288,0.0014681419124826789,0.5163784623146057,-2.0,0.04818776121828705,97.0433688244149,0.514910320402123,99.71568490562099,0.5163784534918506,2,1,1,1,0
1,7,48,96,97,high,10.0,1.0,21,-45.0,44.0,-45.0,-0.7853981633974483,0.027572600170969963,0.027572600170969963,-43.0,-0.7504915783575618,0.00494649400934577,0.5076221823692322,2.0,0.022626106161624193,82.06011047679962,0.5026756883598864,99.02555597821613,0.5076221655751266,2,1,1,1,0
0,3,61,122,123,high,10.0,1.0,21,25.0,45.0,35.0,0.6108652381980153,0.0012643812224268913,0.0012643812224268913,35.0,0.6108652381980153,0.0012643812224268913,0.49740102887153625,0.0,0.0,0.0,0.49613664764910936,99.74580245133481,0.4974010334572403,2,1,1,1,0
1,1,46,92,93,high,10.0,1.0,21,-30.0,-10.0,-20.0,-0.3490658503988659,0.052243418991565704,0.052243418991565704,-22.0,-0.3839724354387525,0.005995352286845446,0.49920371174812317,-2.0,0.04624806670472026,88.52419615222091,0.4932083594612777,98.79901688514079,0.4992037221420082,3,1,1,1,1
0,4,45,90,91,high,10.0,1.0,21,-40.0,-20.0,-30.0,-0.5235987755982988,0.05578587204217911,0.05578587204217911,-28.0,-0.4886921905584123,0.01100992877036333,0.49991515278816223,2.0,0.04477594327181578,80.26394790057446,0.4889052240177989,97.79764051780428,0.4999151546300871,3,1,1,1,1
1,7,56,112,113,high,10.0,1.0,21,15.0,35.0,25.0,0.4363323129985824,0.024022087454795837,0.024022087454795837,26.0,0.4537856055185257,0.0018725796835497022,0.4831600785255432,1.0,0.022149507771246135,92.20475869520718,0.4812874988419935,99.61243079327575,0.4831600750605484,3,1,1,1,1
1,0,48,96,97,high,10.0,1.0,21,-45.0,44.0,-40.0,-0.6981317007977318,0.03171833977103233,0.03171833977103233,-39.0,-0.6806784082777885,0.0010477621108293533,0.4818839430809021,1.0,0.03067057766020298,96.69666786347294,0.48083618097007275,99.78256961538695,0.48188393035312266,2,1,1,1,0
1,1,62,124,125,high,10.0,1.0,21,-44.0,45.0,40.0,0.6981317007977318,0.03905994072556496,0.03905994072556496,41.0,0.7155849933176751,0.004914067219942808,0.48572373390197754,1.0,0.03414587350562215,87.41916365293785,0.48080966668203473,98.98829995798918,0.485723736866648,3,1,1,1,1
15,1,51,102,103,high,10.0,1.0,21,-45.0,44.0,-40.0,-0.6981317007977318,0.045764971524477005,0.045764971524477005,-38.0,-0.6632251157578453,0.009744073264300823,0.48329243063926697,2.0,0.03602089826017618,78.70844678863334,0.47354835737496614,97.98381421959951,0.4832924172644105,2,1,1,1,0
0,4,48,96,97,high,10.0,1.0,21,10.0,30.0,20.0,0.3490658503988659,0.004944608546793461,0.004944608546793461,20.0,0.3490658503988659,0.004944608546793461,0.47621673345565796,0.0,0.0,0.0,0.4712721249088645,98.9616894578834,0.47621673522817226,2,1,0,1,1
0,3,60,120,121,high,10.0,1.0,21,-30.0,-10.0,-20.0,-0.3490658503988659,0.08099160343408585,0.08099160343408585,-18.0,-0.3141592653589793,0.014532661996781826,0.4807251989841461,2.0,0.06645894143730402,82.05658194110322,0.4661925369873643,96.97692943338693,0.48072521251124756,2,1,1,1,0
0,7,43,86,87,high,10.0,1.0,21,15.0,35.0,25.0,0.4363323129985824,0.023088714107871056,0.023088714107871056,26.0,0.4537856055185257,0.0007074303575791419,0.4659969210624695,1.0,0.022381283750291914,96.9360339676172,0.46528949070489034,99.84818990735685,0.4659969305730335,3,1,1,1,1
0,4,44,88,89,high,10.0,1.0,21,20.0,40.0,30.0,0.5235987755982988,0.032351236790418625,0.032351236790418625,31.0,0.5410520681182421,0.009543143212795258,0.4708692729473114,1.0,0.022808093577623367,70.50145787433505,0.46132612973451614,97.97329242720345,0.47086927823328023,3,1,1,1,1
1,4,54,108,109,high,10.0,1.0,21,-45.0,-25.0,-35.0,-0.6108652381980153,0.007678168825805187,0.007678168825805187,-35.0,-0.6108652381980153,0.007678168825805187,0.4688456058502197,0.0,0.0,0.0,0.46116743702441454,98.36232466935861,0.46884560596478375,2,1,1,1,0
0,0,62,124,125,high,10.0,1.0,21,20.0,40.0,30.0,0.5235987755982988,0.006343241315335035,0.006343241315335035,30.0,0.5235987755982988,0.006343241315335035,0.4672194719314575,0.0,0.0,0.0,0.4608762306161225,98.64234226173998,0.4672194711271164,2,1,1,1,0
0,0,57,114,115,high,10.0,1.0,21,-30.0,-10.0,-20.0,-0.3490658503988659,0.05304134637117386,0.05304134637117386,-22.0,-0.3839724354387525,0.0019003915367648005,0.46173718571662903,-2.0,0.05114095483440906,96.41715064420461,0.45983679417986423,99.58842571151914,0.4617371836702009,3,1,1,1,1
10,0,50,100,101,high,10.0,1.0,21,-35.0,-15.0,-25.0,-0.4363323129985824,0.006561385001987219,0.006561385001987219,-25.0,-0.4363323129985824,0.006561385001987219,0.46318376064300537,0.0,0.0,0.0,0.45662237564101815,98.58341644083582,0.4631837506326432,2,1,1,1,0
1,0,46,92,93,high,10.0,1.0,21,-45.0,44.0,-45.0,-0.7853981633974483,0.0036945496685802937,0.0036945496685802937,-45.0,-0.7853981633974483,0.0036945496685802937,0.4592811167240143,0.0,0.0,0.0,0.455586567055434,99.19557988908123,0.4592811050336685,2,1,1,1,0
1,1,61,122,123,high,10.0,1.0,21,20.0,40.0,30.0,0.5235987755982988,0.013597995974123478,0.013597995974123478,30.0,0.5235987755982988,0.013597995974123478,0.4623601734638214,0.0,0.0,0.0,0.44876217748969793,97.05900361783918,0.46236017880087543,3,1,1,1,1
0,6,57,114,115,high,10.0,1.0,21,25.0,45.0,35.0,0.6108652381980153,0.027684040367603302,0.027684040367603302,36.0,0.6283185307179586,0.008789495564997196,0.4532777667045593,1.0,0.018894544802606106,68.25067638868592,0.44448827113956213,98.06090300239102,0.4532777526293503,2,1,1,1,0
0,5,44,88,89,high,10.0,1.0,21,25.0,45.0,35.0,0.6108652381980153,0.020001018419861794,0.020001018419861794,34.0,0.5934119456780721,0.006972001399844885,0.4502454400062561,-1.0,0.013029017020016909,65.14176801656552,0.4432734386064112,98.45151093595796,0.45024544659553656,3,1,1,1,1
0,5,46,92,93,high,10.0,1.0,21,10.0,30.0,20.0,0.3490658503988659,0.034262027591466904,0.034262027591466904,21.0,0.3665191429188092,0.004362932872027159,0.43984049558639526,1.0,0.029899094719439745,87.26598167496145,0.4354775627143681,99.00806476079232,0.4398404862296252,2,1,0,1,1
1,1,50,100,101,high,10.0,1.0,21,-45.0,44.0,-45.0,-0.7853981633974483,0.009120704606175423,0.009120704606175423,44.0,0.767944870877505,0.0027127841021865606,0.4350263178348541,-1.0,0.006407920503988862,70.25685822178919,0.43231353373266757,99.37640919848523,0.4350263197288502,2,1,1,1,0
1,5,60,120,121,high,10.0,1.0,21,25.0,45.0,35.0,0.6108652381980153,0.005255210679024458,0.005255210679024458,35.0,0.6108652381980153,0.005255210679024458,0.4359821379184723,0.0,0.0,0.0,0.43072692723944783,98.79462706795407,0.4359821359690425,3,1,1,1,1
1,3,45,90,91,high,10.0,1.0,21,-25.0,-5.0,-15.0,-0.2617993877991494,0.06645232439041138,0.06645232439041138,-17.0,-0.29670597283903605,0.00794858019798994,0.43609100580215454,-2.0,0.058503744192421436,88.03867243034036,0.4281424256041646,98.17731159500316,0.4360910189735258,3,1,1,1,1
0,7,63,126,127,high,10.0,1.0,21,25.0,45.0,35.0,0.6108652381980153,0.007428047247231007,0.007428047247231007,35.0,0.6108652381980153,0.007428047247231007,0.4253600537776947,0.0,0.0,0.0,0.4179320065304637,98.25370361385343,0.42536006651349817,3,1,1,1,1
1,0,59,118,119,high,10.0,1.0,21,-35.0,-15.0,-25.0,-0.4363323129985824,0.03253517672419548,0.03253517672419548,-26.0,-0.4537856055185257,0.00024343031691387296,0.41513118147850037,-1.0,0.03229174640728161,99.25179346964222,0.4148877511615865,99.9413606282123,0.4151311777337717,3,1,1,1,1
0,7,48,96,97,high,10.0,1.0,21,10.0,30.0,20.0,0.3490658503988659,0.062054987996816635,0.062054987996816635,18.0,0.3141592653589793,0.005776251666247845,0.41208380460739136,-2.0,0.05627873633056879,90.69172059699027,0.4063075529411435,98.59828229072212,0.4120838120404412,3,1,1,1,1
17,4,38,76,77,high,10.0,1.0,21,-44.0,45.0,40.0,0.6981317007977318,0.04498857632279396,0.04498857632279396,42.0,0.7330382858376184,0.008450593799352646,0.4084940254688263,2.0,0.036537982523441315,81.21613420544926,0.40004343166947365,97.9312809313052,0.40849401661874796,2,1,1,1,0
1,7,51,102,103,high,10.0,1.0,21,20.0,40.0,30.0,0.5235987755982988,0.031639743596315384,0.031639743596315384,32.0,0.5585053606381855,0.0060067432932555676,0.4019284248352051,2.0,0.025633000303059816,81.01519604616807,0.3959216815419495,98.50551916159739,0.40192842553053887,2,1,1,1,0
0,2,37,74,75,high,10.0,1.0,21,25.0,45.0,35.0,0.6108652381980153,0.009385844692587852,0.009385844692587852,36.0,0.6283185307179586,0.0012665939284488559,0.39699041843414307,1.0,0.008119250764138997,86.5052750185702,0.3957238245056942,99.68095100797528,0.3969904119940356,2,1,1,1,0
1,3,56,112,113,high,10.0,1.0,21,25.0,45.0,35.0,0.6108652381980153,0.029867637902498245,0.029867637902498245,33.0,0.5759586531581288,0.004236353095620871,0.3988501727581024,-2.0,0.025631284806877375,85.81624328830327,0.39461381966248155,98.93785852809692,0.3988501713022195,2,1,1,1,0
1,5,49,98,99,high,10.0,1.0,21,-45.0,44.0,-45.0,-0.7853981633974483,0.033012036234140396,0.033012036234140396,44.0,0.767944870877505,0.0012542979093268514,0.3955051600933075,-1.0,0.031757738324813545,96.2004830588739,0.39425086218398064,99.68286180917818,0.39550515446650947,2,1,1,1,0
19,4,40,80,81,high,10.0,1.0,21,-44.0,45.0,40.0,0.6981317007977318,0.0067975809797644615,0.0067975809797644615,40.0,0.6981317007977318,0.0067975809797644615,0.39980608224868774,0.0,0.0,0.0,0.3930085012689233,98.29978049820257,0.39980607466528634,2,1,1,1,0
0,7,57,114,115,high,10.0,1.0,21,-25.0,-5.0,-15.0,-0.2617993877991494,0.033757902681827545,0.033757902681827545,-14.0,-0.24434609527920614,0.000572271179407835,0.38810476660728455,1.0,0.03318563150241971,98.30477863272027,0.3875324954278767,99.85254724274311,0.3881047652128046,3,1,1,1,1
31,5,41,82,83,high,10.0,1.0,21,15.0,35.0,25.0,0.4363323129985824,0.022622274234890938,0.022622274234890938,26.0,0.4537856055185257,0.003932018298655748,0.38966646790504456,1.0,0.01869025593623519,82.61881958538328,0.3857344496063888,98.99092721018687,0.3896664563911794,2,1,1,1,0
27,7,44,88,89,high,10.0,1.0,21,-35.0,-15.0,-25.0,-0.4363323129985824,0.034734491258859634,0.034734491258859634,-27.0,-0.47123889803846897,0.001036589383147657,0.380572110414505,-2.0,0.03369790187571198,97.01567708183072,0.37953552103135735,99.72762339783158,0.38057210466435526,2,1,1,1,0
1,1,49,98,99,high,10.0,1.0,21,-30.0,-10.0,-20.0,-0.3490658503988659,0.02922465279698372,0.02922465279698372,-19.0,-0.33161255787892263,0.002826894400641322,0.3793887794017792,1.0,0.026397758396342397,90.32702143536471,0.37656188500113785,99.25488191688252,0.3793887819987169,3,1,1,1,1
1,7,44,88,89,high,10.0,1.0,21,-30.0,-10.0,-20.0,-0.3490658503988659,0.03946802020072937,0.03946802020072937,-22.0,-0.3839724354387525,0.0026388918049633503,0.37686586380004883,-2.0,0.03682912839576602,93.31384804319477,0.3742269719950855,99.29977956125964,0.37686587156730267,2,1,1,1,0
0,4,58,116,117,high,10.0,1.0,21,-25.0,-5.0,-15.0,-0.2617993877991494,0.05915877968072891,0.05915877968072891,-13.0,-0.22689280275926285,0.00883094035089016,0.3812803626060486,2.0,0.05032783932983875,85.07247715630812,0.3724494222551584,97.68387223235659,0.381280349824844,3,1,1,1,1
0,7,58,116,117,high,10.0,1.0,21,25.0,45.0,35.0,0.6108652381980153,0.0020013104658573866,0.0020013104658573866,35.0,0.6108652381980153,0.0020013104658573866,0.3735150694847107,0.0,0.0,0.0,0.3715137590188533,99.46419552265499,0.37351506965425074,3,1,1,1,1
15,2,51,102,103,high,10.0,1.0,21,-35.0,-15.0,-25.0,-0.4363323129985824,0.019694218412041664,0.019694218412041664,-24.0,-0.4188790204786391,0.001013880711980164,0.37034904956817627,1.0,0.0186803377000615,94.85188652442157,0.3693351688561961,99.7262364482473,0.3703490638545992,3,1,1,1,1
3,5,41,82,83,high,10.0,1.0,21,10.0,30.0,20.0,0.3490658503988659,0.0282862801104784,0.0282862801104784,19.0,0.33161255787892263,0.005304166115820408,0.3680327236652374,-1.0,0.022982113994657993,81.24827267811887,0.362728557549417,98.55877866973452,0.3680327216365942,2,1,1,1,0
7,5,40,80,81,high,10.0,1.0,21,10.0,30.0,20.0,0.3490658503988659,0.0215154942125082,0.0215154942125082,21.0,0.3665191429188092,0.0010190129978582263,0.35890546441078186,1.0,0.020496481214649975,95.26381784311599,0.35788645141292363,99.7160776029055,0.3589054699347657,2,1,1,1,0
1,7,60,120,121,high,10.0,1.0,21,-35.0,-15.0,-25.0,-0.4363323129985824,0.034664589911699295,0.034664589911699295,-24.0,-0.4188790204786391,0.011218204163014889,0.3689247667789459,1.0,0.023446385748684406,67.63785698434371,0.35770656261593103,96.9592163028359,0.3689247769068361,2,1,0,1,1
1,7,62,124,125,high,10.0,1.0,21,25.0,45.0,35.0,0.6108652381980153,0.027493320405483246,0.027493320405483246,33.0,0.5759586531581288,0.001213463838212192,0.3557116687297821,-2.0,0.026279856567271054,95.58633216972156,0.3544982048915699,99.65886307791213,0.35571165846647573,2,1,1,1,0
1,5,53,106,107,high,10.0,1.0,21,-45.0,44.0,-45.0,-0.7853981633974483,0.04145792871713638,0.04145792871713638,-44.0,-0.767944870877505,0.011299624107778072,0.3560793995857239,1.0,0.03015830460935831,72.74435926388324,0.3447797754779458,96.82665604330819,0.35607940470489113,2,1,1,1,0
1,3,53,106,107,high,10.0,1.0,21,-45.0,44.0,-45.0,-0.7853981633974483,0.008500893600285053,0.008500893600285053,-45.0,-0.7853981633974483,0.008500893600285053,0.3525926172733307,0.0,0.0,0.0,0.34409172367304564,97.58903244599273,0.3525926026202534,2,1,1,1,0
8,6,40,80,81,high,10.0,1.0,21,-35.0,-15.0,-25.0,-0.4363323129985824,0.006013135425746441,0.006013135425746441,-25.0,-0.4363323129985824,0.006013135425746441,0.3381040394306183,0.0,0.0,0.0,0.33209090400487185,98.22151328452838,0.3381040434944161,2,1,1,1,0
7,1,47,94,95,high,10.0,1.0,21,20.0,40.0,30.0,0.5235987755982988,0.03958611190319061,0.03958611190319061,32.0,0.5585053606381855,0.007888047024607658,0.33637022972106934,2.0,0.031698064878582954,80.07370098912925,0.3284821826964617,97.65495090598573,0.3363702425351849,2,1,1,1,0
1,3,55,110,111,high,10.0,1.0,21,10.0,30.0,20.0,0.3490658503988659,0.06651070713996887,0.06651070713996887,18.0,0.3141592653589793,0.008244548924267292,0.3350966274738312,-2.0,0.05826615821570158,87.60417791541894,0.3268520785495639,97.53965028343619,0.33509662862194317,3,1,1,1,1
1,0,50,100,101,high,10.0,1.0,21,-44.0,45.0,40.0,0.6981317007977318,0.015456674620509148,0.015456674620509148,38.0,0.6632251157578453,0.00497338455170393,0.3265529274940491,-2.0,0.010483290068805218,67.82370934363303,0.32157954294234514,98.4770050632008,0.3265529137818941,2,1,1,1,0
11,2,61,122,123,high,10.0,1.0,21,-35.0,-15.0,-25.0,-0.4363323129985824,0.0037836614064872265,0.0037836614064872265,-25.0,-0.4363323129985824,0.0037836614064872265,0.32266438007354736,0.0,0.0,0.0,0.31888071866706014,98.82736935337431,0.3226643829468235,2,1,1,1,0
1,5,51,102,103,high,10.0,1.0,21,25.0,45.0,35.0,0.6108652381980153,0.04318564757704735,0.04318564757704735,37.0,0.6457718232379019,0.01002858579158783,0.3254952132701874,2.0,0.03315706178545952,76.77796593487254,0.31546662747859955,96.91897595333812,0.32549522527835584,3,1,1,1,1
0,0,53,106,107,high,10.0,1.0,21,-25.0,-5.0,-15.0,-0.2617993877991494,0.013773194514214993,0.013773194514214993,-15.0,-0.2617993877991494,0.013773194514214993,0.32887402176856995,0.0,0.0,0.0,0.31510082725435495,95.81201505666287,0.3288740272038223,3,1,1,1,1
5,4,44,88,89,high,10.0,1.0,21,-30.0,-10.0,-20.0,-0.3490658503988659,0.00848598126322031,0.00848598126322031,-20.0,-0.3490658503988659,0.00848598126322031,0.3209384083747864,0.0,0.0,0.0,0.31245242711156607,97.35588479228996,0.32093839539028907,2,1,1,1,0
0,1,62,124,125,high,10.0,1.0,21,10.0,30.0,20.0,0.3490658503988659,0.038356564939022064,0.038356564939022064,18.0,0.3141592653589793,0.005231397692114115,0.3174561858177185,-2.0,0.03312516724690795,86.36114130545629,0.3122247881256044,98.35208827994992,0.3174561785294682,2,1,0,1,1
0,0,54,108,109,high,10.0,1.0,21,-35.0,-15.0,-25.0,-0.4363323129985824,0.05241825431585312,0.05241825431585312,-23.0,-0.4014257279586958,0.008037976920604706,0.318427711725235,2.0,0.04438027739524841,84.66569132163232,0.3103897348046303,97.47572945926876,0.31842772130106395,2,1,0,1,1
1,7,47,94,95,high,10.0,1.0,21,10.0,30.0,20.0,0.3490658503988659,0.032719019800424576,0.032719019800424576,18.0,0.3141592653589793,0.008609293960034847,0.3169403374195099,-2.0,0.02410972584038973,73.68718863661334,0.30833104345947504,97.28362314808815,0.3169403376181372,2,1,1,1,0
9,1,39,78,79,high,10.0,1.0,21,5.0,25.0,15.0,0.2617993877991494,0.01261117123067379,0.01261117123067379,14.0,0.24434609527920614,0.01009872741997242,0.3149201571941376,-1.0,0.0025124438107013702,19.922366961368546,0.30482142977416515,96.79324197283856,0.31492015658415373,2,1,1,1,0
0,3,56,112,113,high,10.0,1.0,21,25.0,45.0,35.0,0.6108652381980153,0.012012100778520107,0.012012100778520107,36.0,0.6283185307179586,0.0022331341169774532,0.30308815836906433,1.0,0.009778966661542654,81.40929585796752,0.3008550242520869,99.26320641195814,0.3030881482403527,2,1,1,1,0
0,4,54,108,109,high,10.0,1.0,21,25.0,45.0,35.0,0.6108652381980153,0.013642958365380764,0.013642958365380764,36.0,0.6283185307179586,0.0030731819570064545,0.30365487933158875,1.0,0.01056977640837431,77.47422608277758,0.3005816973745823,98.98793592127642,0.3036548800697454,2,1,1,1,0
1,4,47,94,95,high,10.0,1.0,21,20.0,40.0,30.0,0.5235987755982988,0.033372703939676285,0.033372703939676285,33.0,0.5759586531581288,0.006040327250957489,0.30600351095199585,3.0,0.027332376688718796,81.90039601862695,0.29996318370103836,98.02605949449219,0.30600349954654615,2,1,1,1,0
0,5,60,120,121,high,10.0,1.0,21,-45.0,44.0,-40.0,-0.6981317007977318,0.015477641485631466,0.015477641485631466,-41.0,-0.7155849933176751,0.0010287524200975895,0.3007033169269562,-1.0,0.014448889065533876,93.3532998483482,0.2996745645068586,99.65788457852379,0.30070330639377374,2,1,1,1,0
1,5,48,96,97,high,10.0,1.0,21,-25.0,-5.0,-15.0,-0.2617993877991494,0.040545832365751266,0.040545832365751266,-13.0,-0.22689280275926285,0.012653851881623268,0.3060990571975708,2.0,0.027891980484128,68.79123909092104,0.29344520531594753,95.86609250042352,0.3060990491588035,3,1,1,1,1
31,2,45,90,91,high,10.0,1.0,21,-35.0,-15.0,-25.0,-0.4363323129985824,0.006902431603521109,0.006902431603521109,-25.0,-0.4363323129985824,0.006902431603521109,0.29869595170021057,0.0,0.0,0.0,0.29179352009668946,97.6891445752004,0.29869594279103306,2,1,1,1,0
0,2,42,84,85,high,10.0,1.0,21,5.0,25.0,15.0,0.2617993877991494,0.02541256695985794,0.02541256695985794,14.0,0.24434609527920614,0.0018425792222842574,0.29012560844421387,-1.0,0.023569987737573683,92.74933844662438,0.2882830292219296,99.36490293560605,0.29012561669717707,3,1,1,1,1
1,4,36,72,73,high,10.0,1.0,21,20.0,40.0,30.0,0.5235987755982988,0.006281164009124041,0.006281164009124041,29.0,0.5061454830783556,0.003136557061225176,0.2884577810764313,-1.0,0.0031446069478988647,50.06407957714522,0.2853212240152061,98.91264605533588,0.2884577775173572,2,1,1,1,0
7,4,55,110,111,high,10.0,1.0,21,-25.0,-5.0,-15.0,-0.2617993877991494,0.009699596092104912,0.009699596092104912,-15.0,-0.2617993877991494,0.009699596092104912,0.2938438653945923,0.0,0.0,0.0,0.2841442693024874,96.6990646277132,0.2938438715478708,2,1,1,1,0
0,3,57,114,115,high,10.0,1.0,21,-25.0,-5.0,-15.0,-0.2617993877991494,0.05292550474405289,0.05292550474405289,-13.0,-0.22689280275926285,0.006442793179303408,0.28952714800834656,2.0,0.04648271156474948,87.82667598455474,0.28308435482904315,97.77471880491233,0.28952715505874094,2,1,1,1,0
1,4,56,112,113,high,10.0,1.0,21,-44.0,45.0,40.0,0.6981317007977318,0.046842992305755615,0.046842992305755615,41.0,0.7155849933176751,0.014883546158671379,0.28636687994003296,1.0,0.031959446147084236,68.226739100007,0.2714833337813616,94.80263005212471,0.28636687396232074,2,1,1,1,0
6,3,39,78,79,high,10.0,1.0,21,-30.0,-10.0,-20.0,-0.3490658503988659,0.026665925979614258,0.026665925979614258,-18.0,-0.3141592653589793,0.00687640393152833,0.27824482321739197,2.0,0.019789522048085928,74.2127689967142,0.27136841928586364,97.52864982283756,0.278244821651055,2,1,1,1,0
0,0,52,104,105,high,10.0,1.0,21,5.0,25.0,15.0,0.2617993877991494,0.034087006002664566,0.034087006002664566,14.0,0.24434609527920614,0.009379483759403229,0.2784311771392822,-1.0,0.024707522243261337,72.4836972813921,0.269051693379879,96.63130980669193,0.2784311641986519,3,1,1,1,1
8,3,51,102,103,high,10.0,1.0,21,10.0,30.0,20.0,0.3490658503988659,0.04690719395875931,0.04690719395875931,23.0,0.4014257279586958,0.005085099022835493,0.2730884850025177,3.0,0.041822094935923815,89.15923423748967,0.2680033859796822,98.13792990107635,0.2730884820653075,2,1,1,1,0
1,3,43,86,87,high,10.0,1.0,21,0.0,20.0,10.0,0.17453292519943295,0.024200519546866417,0.024200519546866417,11.0,0.19198621771937624,0.003116283332929015,0.2636827826499939,1.0,0.021084236213937402,87.12307259811485,0.2605664993170649,98.81816958179424,0.26368276984143085,2,1,1,1,0
0,0,63,126,127,high,10.0,1.0,21,-20.0,0.0,-10.0,-0.17453292519943295,0.0021476855035871267,0.0021476855035871267,-10.0,-0.17453292519943295,0.0021476855035871267,0.25949496030807495,0.0,0.0,0.0,0.2573472748044878,99.17235945505941,0.25949496872475325,2,1,0,1,1
1,4,49,98,99,high,10.0,1.0,21,-45.0,44.0,-40.0,-0.6981317007977318,0.0026948123704642057,0.0026948123704642057,-40.0,-0.6981317007977318,0.0026948123704642057,0.259014755487442,0.0,0.0,0.0,0.2563199431169778,98.9595911764205,0.259014762785483,2,1,1,1,0
1,4,48,96,97,high,10.0,1.0,21,20.0,40.0,30.0,0.5235987755982988,0.01504279114305973,0.01504279114305973,31.0,0.5410520681182421,0.0050136009231209755,0.2587931454181671,1.0,0.010029190219938755,66.67107270558567,0.25377954449504614,98.06269949112453,0.2587931331847503,2,1,1,1,0
1,2,46,92,93,high,10.0,1.0,21,-25.0,-5.0,-15.0,-0.2617993877991494,0.037792570888996124,0.037792570888996124,-17.0,-0.29670597283903605,0.007309566717594862,0.260702908039093,-2.0,0.030483004171401262,80.65872062775398,0.25339334132149816,97.19620821548382,0.2607029031086894,3,1,1,1,1
1,2,54,108,109,high,10.0,1.0,21,-20.0,0.0,-10.0,-0.17453292519943295,0.010365840047597885,0.010365840047597885,-10.0,-0.17453292519943295,0.010365840047597885,0.2611958086490631,0.0,0.0,0.0,0.2508299686014652,96.03139112330658,0.26119580323677644,3,1,1,1,1
0,0,55,110,111,high,10.0,1.0,21,-25.0,-5.0,-15.0,-0.2617993877991494,0.03625835105776787,0.03625835105776787,-14.0,-0.24434609527920614,0.006636925972998142,0.257419228553772,1.0,0.029621425084769726,81.69545558642753,0.25078230258077383,97.42174428449437,0.25741923927829713,2,1,0,1,1
1,1,59,118,119,high,10.0,1.0,21,15.0,35.0,25.0,0.4363323129985824,0.01422926690429449,0.01422926690429449,26.0,0.4537856055185257,0.004290902521461248,0.2539733052253723,1.0,0.009938364382833242,69.84452853178104,0.24968240270391107,98.31049073537332,0.253973309347647,2,1,1,1,0
1,3,50,100,101,high,10.0,1.0,21,-20.0,0.0,-10.0,-0.17453292519943295,0.04327549785375595,0.04327549785375595,-9.0,-0.15707963267948966,0.009275684133172035,0.2588447034358978,1.0,0.033999813720583916,78.5659678266024,0.2495690193027258,96.41650610962989,0.25884471393546926,3,1,1,1,1
0,0,45,90,91,high,10.0,1.0,21,0.0,20.0,10.0,0.17453292519943295,0.022862864658236504,0.022862864658236504,11.0,0.19198621771937624,0.00308322929777205,0.25118643045425415,1.0,0.019779635360464454,86.51424769441,0.2481032011564821,98.77253349546143,0.2511864258929912,3,1,1,1,1
0,5,57,114,115,medium,10.0,1.0,21,-30.0,-10.0,-20.0,-0.3490658503988659,0.030781898647546768,0.030781898647546768,-21.0,-0.3665191429188092,0.0033664412330836058,0.5450711250305176,-1.0,0.027415457414463162,89.06356858740453,0.541704683797434,99.38238496253216,0.5450711095418793,1,1,0,1,0
1,0,44,88,89,medium,10.0,1.0,21,-45.0,44.0,-40.0,-0.6981317007977318,0.008936268277466297,0.008936268277466297,-40.0,-0.6981317007977318,0.008936268277466297,0.5360986590385437,0.0,0.0,0.0,0.5271623907610774,98.33309258905946,0.5360986613761783,1,1,0,1,0
0,6,53,106,107,medium,10.0,1.0,21,-45.0,-25.0,-35.0,-0.6108652381980153,0.012992355041205883,0.012992355041205883,-34.0,-0.5934119456780721,0.002800356363877654,0.5136948227882385,1.0,0.010191998677328229,78.44612193096488,0.5108944664243609,99.45485992078373,0.5136948424330057,1,1,0,1,0
1,0,51,102,103,medium,10.0,1.0,21,-45.0,-25.0,-35.0,-0.6108652381980153,0.03925169259309769,0.03925169259309769,-36.0,-0.6283185307179586,0.008901027962565422,0.5173542499542236,-1.0,0.030350664630532265,77.32319965195425,0.5084532219916582,98.27951003333732,0.5173542612086643,1,1,0,1,0
28,0,48,96,97,medium,10.0,1.0,21,-45.0,-25.0,-35.0,-0.6108652381980153,0.017032044008374214,0.017032044008374214,-36.0,-0.6283185307179586,0.01250845193862915,0.5121507048606873,-1.0,0.004523592069745064,26.55930238038917,0.4996422529220581,97.55766187180556,0.5121507124371762,1,1,0,1,0
19,4,56,112,113,medium,10.0,1.0,21,-40.0,-20.0,-30.0,-0.5235987755982988,0.03987878933548927,0.03987878933548927,-32.0,-0.5585053606381855,0.007244178559631109,0.49239981174468994,-2.0,0.032634610775858164,81.83450731493419,0.48515563318505883,98.52880151721357,0.49239980506746717,1,1,0,1,0
9,3,55,110,111,medium,10.0,1.0,21,20.0,40.0,30.0,0.5235987755982988,0.004962408449500799,0.004962408449500799,30.0,0.5235987755982988,0.004962408449500799,0.48709601163864136,0.0,0.0,0.0,0.48213360318914056,98.98122580950586,0.48709601685208315,1,1,0,1,0
9,4,57,114,115,medium,10.0,1.0,21,-40.0,-20.0,-30.0,-0.5235987755982988,0.007295374758541584,0.007295374758541584,-30.0,-0.5235987755982988,0.007295374758541584,0.4882775545120239,0.0,0.0,0.0,0.48098217975348234,98.50589594153422,0.48827756481987666,1,1,0,1,0
8,4,59,118,119,medium,10.0,1.0,21,15.0,35.0,25.0,0.4363323129985824,0.009107056073844433,0.009107056073844433,25.0,0.4363323129985824,0.009107056073844433,0.47615885734558105,0.0,0.0,0.0,0.4670518012717366,98.08739122808446,0.47615885960901383,1,1,0,1,0
7,3,45,90,91,medium,10.0,1.0,21,-44.0,45.0,40.0,0.6981317007977318,0.007063820492476225,0.007063820492476225,40.0,0.6981317007977318,0.007063820492476225,0.4738729000091553,0.0,0.0,0.0,0.46680907951667905,98.50934280218604,0.4738729017315363,1,1,0,1,0
18,1,51,102,103,medium,10.0,1.0,21,-44.0,45.0,40.0,0.6981317007977318,0.020532462745904922,0.020532462745904922,38.0,0.6632251157578453,0.0007340285810641944,0.46333935856819153,-2.0,0.019798434164840728,96.4250339077781,0.46260532998712733,99.84157862536598,0.46333937005598486,1,1,0,1,0
15,6,54,108,109,medium,10.0,1.0,21,-45.0,44.0,-45.0,-0.7853981633974483,0.0005939227412454784,0.0005939227412454784,-45.0,-0.7853981633974483,0.0005939227412454784,0.4600559175014496,0.0,0.0,0.0,0.4594619947602041,99.8709020537175,0.46005590321168965,1,1,0,1,0
10,6,46,92,93,medium,10.0,1.0,21,-45.0,44.0,-40.0,-0.6981317007977318,0.02165677212178707,0.02165677212178707,-38.0,-0.6632251157578453,0.002256124746054411,0.4574483335018158,2.0,0.01940064737573266,89.58235911904566,0.4551922087557614,99.50680228108308,0.4574483407093515,1,1,0,1,0
6,5,47,94,95,medium,10.0,1.0,21,-40.0,-20.0,-30.0,-0.5235987755982988,0.02430558204650879,0.02430558204650879,-29.0,-0.5061454830783556,0.0007754369871690869,0.4557112157344818,1.0,0.023530145059339702,96.80963415858429,0.4549357787473127,99.82984026717023,0.4557112253275658,1,1,0,1,0
14,1,51,102,103,medium,10.0,1.0,21,-45.0,44.0,-45.0,-0.7853981633974483,0.053985945880413055,0.053985945880413055,-43.0,-0.7504915783575618,0.005812345538288355,0.45869821310043335,2.0,0.0481736003421247,89.23359507090314,0.452885867562145,98.73286065384873,0.45869821281116985,1,1,0,1,0
7,7,45,90,91,medium,10.0,1.0,21,-44.0,45.0,40.0,0.6981317007977318,0.05183259770274162,0.05183259770274162,42.0,0.7330382858376184,0.004696406424045563,0.454299658536911,2.0,0.04713619127869606,90.93928023638847,0.44960325211286545,98.9662315751743,0.4542996584828852,1,1,0,1,0
11,4,46,92,93,medium,10.0,1.0,21,-45.0,44.0,-45.0,-0.7853981633974483,0.012369008734822273,0.012369008734822273,44.0,0.767944870877505,0.0011117715621367097,0.44922134280204773,-1.0,0.011257237172685564,91.01163572625867,0.448109571239911,99.75251141114491,0.4492213327325932,1,1,0,1,0
0,7,52,104,105,medium,10.0,1.0,21,-45.0,-25.0,-35.0,-0.6108652381980153,0.056487083435058594,0.056487083435058594,-37.0,-0.6457718232379019,0.012899466790258884,0.45997563004493713,-2.0,0.04358761664479971,77.16386471769428,0.44707616325467825,97.19561951814737,0.45997563257649177,1,1,0,1,0
22,6,53,106,107,medium,10.0,1.0,21,-45.0,44.0,-45.0,-0.7853981633974483,0.026476891711354256,0.026476891711354256,44.0,0.767944870877505,0.0028519940096884966,0.4480137228965759,-1.0,0.02362489770166576,89.22836547136892,0.44516172888688743,99.36341369383749,0.44801372983555005,1,1,0,1,0
0,4,50,100,101,medium,10.0,1.0,21,-45.0,-25.0,-35.0,-0.6108652381980153,0.04321131482720375,0.04321131482720375,-37.0,-0.6457718232379019,0.006244441028684378,0.44812315702438354,-2.0,0.03696687379851937,85.54906034760789,0.44187871599569917,98.6065346254033,0.44812315377824175,1,1,0,1,0
13,7,52,104,105,medium,10.0,1.0,21,25.0,45.0,35.0,0.6108652381980153,0.004396201577037573,0.004396201577037573,35.0,0.6108652381980153,0.004396201577037573,0.4429965913295746,0.0,0.0,0.0,0.438600389752537,99.00762180497978,0.4429965892016439,1,1,0,1,0
0,4,40,80,81,medium,10.0,1.0,21,-44.0,45.0,40.0,0.6981317007977318,0.00022217309742700309,0.00022217309742700309,40.0,0.6981317007977318,0.00022217309742700309,0.4381190538406372,0.0,0.0,0.0,0.4378968807432102,99.94928933232202,0.4381190632100994,1,1,0,1,0
9,6,52,104,105,medium,10.0,1.0,21,-44.0,45.0,40.0,0.6981317007977318,0.007185198366641998,0.007185198366641998,41.0,0.7155849933176751,0.0007910245331004262,0.4381244480609894,1.0,0.006394173833541572,88.99091586986886,0.43733342352788895,99.81945209024485,0.43812443551223645,1,1,0,1,0
27,2,60,120,121,medium,10.0,1.0,21,25.0,45.0,35.0,0.6108652381980153,0.0038746504578739405,0.0038746504578739405,35.0,0.6108652381980153,0.0038746504578739405,0.4350202679634094,0.0,0.0,0.0,0.4311456175055355,99.10931725640889,0.43502026086065676,1,1,0,1,0
29,7,50,100,101,medium,10.0,1.0,21,25.0,45.0,35.0,0.6108652381980153,0.029238484799861908,0.029238484799861908,36.0,0.6283185307179586,0.003310525557026267,0.4322446286678314,1.0,0.02592795924283564,88.67750644506071,0.42893410311080515,99.23410834109629,0.4322446240122569,1,1,0,1,0
0,7,50,100,101,medium,10.0,1.0,21,-45.0,-25.0,-35.0,-0.6108652381980153,0.07118374854326248,0.07118374854326248,-33.0,-0.5759586531581288,0.008785292506217957,0.43198269605636597,2.0,0.062398456037044525,87.65828902522796,0.423197403550148,97.96628601413431,0.43198270601197897,1,1,0,1,0
9,4,49,98,99,medium,10.0,1.0,21,25.0,45.0,35.0,0.6108652381980153,0.05140389874577522,0.05140389874577522,33.0,0.5759586531581288,0.00955712329596281,0.4313579499721527,-2.0,0.04184677544981241,81.40778515024935,0.4218008266761899,97.78441007136189,0.4313579560850198,1,1,0,1,0
1,7,49,98,99,medium,10.0,1.0,21,-35.0,-15.0,-25.0,-0.4363323129985824,0.003579519223421812,0.003579519223421812,-25.0,-0.4363323129985824,0.003579519223421812,0.42285871505737305,0.0,0.0,0.0,0.41927919583395123,99.15349522288167,0.42285872751229514,1,1,0,1,0
10,5,45,90,91,medium,10.0,1.0,21,-45.0,-25.0,-35.0,-0.6108652381980153,0.06084098666906357,0.06084098666906357,-33.0,-0.5759586531581288,0.008394534699618816,0.4261571168899536,2.0,0.05244645196944475,86.2025007166965,0.4177625821903348,98.0301784560396,0.42615713067314975,1,1,0,1,0
0,6,63,126,127,medium,10.0,1.0,21,15.0,35.0,25.0,0.4363323129985824,0.017852947115898132,0.017852947115898132,24.0,0.4188790204786391,0.0038212211802601814,0.41706719994544983,-1.0,0.014031725935637951,78.59613230547596,0.41324597876518965,99.08378765322232,0.41706718844923707,1,1,0,1,0
13,7,55,110,111,medium,10.0,1.0,21,25.0,45.0,35.0,0.6108652381980153,0.02220352552831173,0.02220352552831173,36.0,0.6283185307179586,0.005667856894433498,0.41742566227912903,1.0,0.01653566863387823,74.47316694276137,0.41175780538469553,98.64218772188389,0.4174256598350973,1,1,0,1,0
0,5,54,108,109,medium,10.0,1.0,21,-45.0,44.0,-45.0,-0.7853981633974483,0.0031456893775612116,0.0031456893775612116,-45.0,-0.7853981633974483,0.0031456893775612116,0.4085215926170349,0.0,0.0,0.0,0.4053759032394737,99.22998210268163,0.4085215884222996,1,1,0,1,0
18,7,46,92,93,medium,10.0,1.0,21,-45.0,44.0,-45.0,-0.7853981633974483,0.011661430820822716,0.011661430820822716,44.0,0.767944870877505,0.0011487849988043308,0.40559613704681396,-1.0,0.010512645822018385,90.14885037303438,0.40444735204800963,99.7167662869847,0.4055961458147446,1,1,0,1,0
15,1,61,122,123,medium,10.0,1.0,21,25.0,45.0,35.0,0.6108652381980153,0.04021257534623146,0.04021257534623146,33.0,0.5759586531581288,0.006915499921888113,0.4106845259666443,-2.0,0.03329707542434335,82.80264354534508,0.4037690260447562,98.31610409337658,0.410684515414482,1,1,0,1,0
0,5,63,126,127,medium,10.0,1.0,21,15.0,35.0,25.0,0.4363323129985824,0.014321996830403805,0.014321996830403805,25.0,0.4363323129985824,0.014321996830403805,0.4173125624656677,0.0,0.0,0.0,0.4029905656352639,96.56804081195565,0.4173125536663698,1,1,0,1,0
0,6,42,84,85,medium,10.0,1.0,21,15.0,35.0,25.0,0.4363323129985824,0.03206394612789154,0.03206394612789154,24.0,0.4188790204786391,0.008213371969759464,0.41117677092552185,-1.0,0.023850574158132076,74.38440066921495,0.4029633989557624,98.0024717954587,0.411176781082846,1,1,0,1,0
6,5,45,90,91,medium,10.0,1.0,21,-44.0,45.0,40.0,0.6981317007977318,0.004076413810253143,0.004076413810253143,40.0,0.6981317007977318,0.004076413810253143,0.40447136759757996,0.0,0.0,0.0,0.4003949537873268,98.9921625764351,0.4044713572809119,1,1,0,1,0
15,5,61,122,123,medium,10.0,1.0,21,-40.0,-20.0,-30.0,-0.5235987755982988,0.01946006901562214,0.01946006901562214,-29.0,-0.5061454830783556,0.0004920530482195318,0.39709335565567017,1.0,0.018968015967402607,97.47147326237886,0.39660130260745063,99.87608630534574,0.3970933649400611,1,1,0,1,0
0,6,59,118,119,medium,10.0,1.0,21,-35.0,-15.0,-25.0,-0.4363323129985824,0.016629943624138832,0.016629943624138832,-24.0,-0.4188790204786391,0.00622852286323905,0.4015676975250244,1.0,0.010401420760899782,62.54633807538485,0.39533917466178536,98.44894823422621,0.4015677033889366,1,1,0,1,0
13,5,58,116,117,medium,10.0,1.0,21,-44.0,45.0,40.0,0.6981317007977318,0.021383440122008324,0.021383440122008324,39.0,0.6806784082777885,0.0023962631821632385,0.3974973261356354,-1.0,0.018987176939845085,88.79383687334317,0.39510106295347214,99.39716243994417,0.39749733048864294,1,1,0,1,0
3,0,49,98,99,medium,10.0,1.0,21,-44.0,45.0,40.0,0.6981317007977318,0.028939465060830116,0.028939465060830116,42.0,0.7330382858376184,0.005123281851410866,0.3997786045074463,2.0,0.02381618320941925,82.2965564821539,0.3946553226560354,98.71847022485781,0.39977861040440177,1,1,0,1,0
1,1,57,114,115,medium,10.0,1.0,21,20.0,40.0,30.0,0.5235987755982988,0.018088482320308685,0.018088482320308685,29.0,0.5061454830783556,0.006195646710693836,0.3992551565170288,-1.0,0.011892835609614849,65.74811196991509,0.393059509806335,98.44819869961289,0.39925516395544636,1,1,0,1,0
12,6,48,96,97,medium,10.0,1.0,21,15.0,35.0,25.0,0.4363323129985824,0.0007079373463056982,0.0007079373463056982,25.0,0.4363323129985824,0.0007079373463056982,0.3921215534210205,0.0,0.0,0.0,0.3914136160747148,99.81945972106624,0.3921215629042224,1,1,0,1,0
11,3,62,124,125,medium,10.0,1.0,21,-35.0,-15.0,-25.0,-0.4363323129985824,0.036130718886852264,0.036130718886852264,-23.0,-0.4014257279586958,0.007402116432785988,0.3984539210796356,2.0,0.028728602454066277,79.51295556568743,0.39105180464684963,98.14229047797309,0.39845392831123805,1,1,0,1,0
0,1,52,104,105,medium,10.0,1.0,21,-45.0,-25.0,-35.0,-0.6108652381980153,0.02337058074772358,0.02337058074772358,-36.0,-0.6283185307179586,0.000766036391723901,0.3877064883708954,-1.0,0.02260454435599968,96.72221927219965,0.3869404519791715,99.80241847513496,0.3877064934918378,1,1,0,1,0
1,7,53,106,107,medium,10.0,1.0,21,-45.0,-25.0,-35.0,-0.6108652381980153,0.012698857113718987,0.012698857113718987,-36.0,-0.6283185307179586,0.0055194273591041565,0.39083513617515564,-1.0,0.00717942975461483,56.53603068624703,0.3853157088160515,98.587786294467,0.3908351428652951,1,1,0,1,0
27,3,51,102,103,medium,10.0,1.0,21,10.0,30.0,20.0,0.3490658503988659,0.036914676427841187,0.036914676427841187,22.0,0.3839724354387525,0.007177346386015415,0.3890816867351532,2.0,0.02973733004182577,80.55692997866227,0.3819043403491378,98.15531117739268,0.38908167636778157,1,1,0,1,0
29,3,60,120,121,medium,10.0,1.0,21,15.0,35.0,25.0,0.4363323129985824,0.03484423831105232,0.03484423831105232,24.0,0.4188790204786391,0.00551286106929183,0.38665032386779785,-1.0,0.029331377241760492,84.17855767120273,0.381137462798506,98.57419980561642,0.3866503146604393,1,1,0,1,0
20,7,59,118,119,medium,10.0,1.0,21,-45.0,-25.0,-35.0,-0.6108652381980153,0.014256707392632961,0.014256707392632961,-34.0,-0.5934119456780721,0.001400484936311841,0.3823505640029907,1.0,0.01285622245632112,90.17665932432948,0.3809500790666789,99.63371704708644,0.38235056231426917,1,1,0,1,0
8,4,39,78,79,medium,10.0,1.0,21,-44.0,45.0,40.0,0.6981317007977318,0.013543037697672844,0.013543037697672844,41.0,0.7155849933176751,0.0038868491537868977,0.37609079480171204,1.0,0.009656188543885946,71.30001968129505,0.37220394564792514,98.9665130847363,0.376090802138144,1,1,0,1,0
14,7,51,102,103,medium,10.0,1.0,21,20.0,40.0,30.0,0.5235987755982988,0.024939101189374924,0.024939101189374924,28.0,0.4886921905584123,0.004683308769017458,0.3768859803676605,-2.0,0.020255792420357466,81.22102022260233,0.37220267159864306,98.75736721104649,0.37688596889214027,1,1,0,1,0
9,1,51,102,103,medium,10.0,1.0,21,-35.0,-15.0,-25.0,-0.4363323129985824,0.02449856698513031,0.02449856698513031,-27.0,-0.47123889803846897,0.00393107533454895,0.37459442019462585,-2.0,0.02056749165058136,83.9538560074352,0.3706633448600769,98.95057824606504,0.37459442465108167,1,1,0,1,0
13,0,61,122,123,medium,10.0,1.0,21,-45.0,44.0,-45.0,-0.7853981633974483,0.01904202625155449,0.01904202625155449,44.0,0.767944870877505,0.002881385153159499,0.3699641227722168,-1.0,0.01616064109839499,84.868284944601,0.3670827376190573,99.22117173644604,0.3699641126427809,1,1,0,1,0
27,5,55,110,111,medium,10.0,1.0,21,-45.0,-25.0,-35.0,-0.6108652381980153,0.030943606048822403,0.030943606048822403,-34.0,-0.5934119456780721,0.003473362186923623,0.3679978549480438,1.0,0.02747024386189878,88.77518611940897,0.3645244927611202,99.05614607796721,0.3679978600125364,1,1,0,1,0
1,5,59,118,119,medium,10.0,1.0,21,15.0,35.0,25.0,0.4363323129985824,0.02904745563864708,0.02904745563864708,26.0,0.4537856055185257,0.008561764843761921,0.37292608618736267,1.0,0.02048569079488516,70.52490603558869,0.36436432134360075,97.70416574198556,0.3729260758015099,1,1,0,1,0
16,7,46,92,93,medium,10.0,1.0,21,-45.0,44.0,-45.0,-0.7853981633974483,0.026022713631391525,0.026022713631391525,44.0,0.767944870877505,0.0038575560320168734,0.3677143156528473,-1.0,0.022165157599374652,85.17619612366846,0.3638567596208304,98.95093667344224,0.36771432595585063,1,1,0,1,0
25,0,63,126,127,medium,10.0,1.0,21,20.0,40.0,30.0,0.5235987755982988,0.029960153624415398,0.029960153624415398,32.0,0.5585053606381855,0.012670534662902355,0.3707997798919678,2.0,0.017289618961513042,57.70871263965493,0.3581292452290654,96.58291742605837,0.3707997755029133,1,1,0,1,0
1,7,50,100,101,medium,10.0,1.0,21,-44.0,45.0,40.0,0.6981317007977318,0.046324197202920914,0.046324197202920914,42.0,0.7330382858376184,0.003094246843829751,0.36112546920776367,2.0,0.04322995035909116,93.32045231075338,0.3580312223639339,99.14316571173507,0.36112546819326147,1,1,0,1,0
15,4,49,98,99,medium,10.0,1.0,21,-35.0,-15.0,-25.0,-0.4363323129985824,0.021463720127940178,0.021463720127940178,-24.0,-0.4188790204786391,0.0012724371626973152,0.35812583565711975,1.0,0.020191282965242863,94.0716839619944,0.35685339849442244,99.64469551313924,0.35812583738552606,1,1,0,1,0
16,0,62,124,125,medium,10.0,1.0,21,-45.0,44.0,-40.0,-0.6981317007977318,0.012027536518871784,0.012027536518871784,-39.0,-0.6806784082777885,0.00863159354776144,0.3653748333454132,1.0,0.003395942971110344,28.234734234911247,0.35674323979765177,97.6376058885256,0.3653748260124876,1,1,0,1,0
31,6,48,96,97,medium,10.0,1.0,21,5.0,25.0,15.0,0.2617993877991494,0.009676340967416763,0.009676340967416763,15.0,0.2617993877991494,0.009676340967416763,0.36638882756233215,0.0,0.0,0.0,0.3567124865949154,97.35899671619474,0.3663888333937469,1,1,0,1,0
1,0,47,94,95,medium,10.0,1.0,21,-35.0,-15.0,-25.0,-0.4363323129985824,0.03082241304218769,0.03082241304218769,-27.0,-0.47123889803846897,0.002092421520501375,0.35756778717041016,-2.0,0.028729991521686316,93.2113636994047,0.3554753656499088,99.41481822592029,0.35756778672584316,1,1,0,1,0
22,1,55,110,111,medium,10.0,1.0,21,-45.0,-25.0,-35.0,-0.6108652381980153,0.036819443106651306,0.036819443106651306,-37.0,-0.6457718232379019,0.0027830631006509066,0.35773801803588867,-2.0,0.0340363800060004,92.44132212269078,0.35495495493523777,99.22203876570599,0.3577380249330017,1,1,0,1,0
24,3,41,82,83,medium,10.0,1.0,21,-45.0,-25.0,-35.0,-0.6108652381980153,0.021038470789790154,0.021038470789790154,-36.0,-0.6283185307179586,0.0018171864794567227,0.35636815428733826,-1.0,0.01922128431033343,91.36255435286394,0.35455096780788153,99.49008168726785,0.3563681684236902,1,1,0,1,0
3,0,41,82,83,medium,10.0,1.0,21,-45.0,44.0,-45.0,-0.7853981633974483,0.036005038768053055,0.036005038768053055,43.0,0.7504915783575618,0.001556196715682745,0.3553248643875122,-2.0,0.03444884205237031,95.67783630033598,0.35376866767182946,99.5620355140738,0.3553248684737567,1,1,0,1,0
0,6,56,112,113,medium,10.0,1.0,21,-40.0,-20.0,-30.0,-0.5235987755982988,0.0074204630218446255,0.0074204630218446255,-31.0,-0.5410520681182421,0.0012211441062390804,0.354899525642395,-1.0,0.006199318915605545,83.5435591735417,0.35367838153615594,99.65591836054762,0.35489952183940754,1,1,0,1,0
13,2,56,112,113,medium,10.0,1.0,21,10.0,30.0,20.0,0.3490658503988659,0.03142974525690079,0.03142974525690079,18.0,0.3141592653589793,0.0040981099009513855,0.3569099009037018,-2.0,0.027331635355949402,86.96104639902674,0.3528117910027504,98.85178026987346,0.3569099089674734,1,1,0,1,0
11,1,62,124,125,medium,10.0,1.0,21,-44.0,45.0,40.0,0.6981317007977318,0.00919866468757391,0.00919866468757391,40.0,0.6981317007977318,0.00919866468757391,0.3611823618412018,0.0,0.0,0.0,0.3519836971536279,97.4531799834627,0.3611823571902936,1,1,0,1,0
0,6,52,104,105,medium,10.0,1.0,21,-25.0,-5.0,-15.0,-0.2617993877991494,0.054950349032878876,0.054950349032878876,-13.0,-0.22689280275926285,0.008656490594148636,0.3596048057079315,2.0,0.04629385843873024,84.24670498640667,0.3509483151137829,97.59277672134911,0.35960480109196535,1,1,0,1,0
9,4,58,116,117,medium,10.0,1.0,21,-40.0,-20.0,-30.0,-0.5235987755982988,0.034980420023202896,0.034980420023202896,-28.0,-0.4886921905584123,0.007813582196831703,0.3585302233695984,2.0,0.027166837826371193,77.66298348719407,0.3507166411727667,97.8206628932432,0.3585302380576506,1,1,0,1,0
10,1,51,102,103,medium,10.0,1.0,21,-40.0,-20.0,-30.0,-0.5235987755982988,0.007166732102632523,0.007166732102632523,-30.0,-0.5235987755982988,0.007166732102632523,0.35640770196914673,0.0,0.0,0.0,0.3492409698665142,97.98917586151016,0.3564077159104808,1,1,0,1,0
15,1,56,112,113,medium,10.0,1.0,21,-45.0,44.0,-40.0,-0.6981317007977318,0.014228345826268196,0.014228345826268196,-41.0,-0.7155849933176751,0.0038541117683053017,0.3505677580833435,-1.0,0.010374234057962894,72.91243960917869,0.3467136463150382,98.90060860434603,0.3505677527037893,1,1,0,1,0
6,0,39,78,79,medium,10.0,1.0,21,-45.0,-25.0,-35.0,-0.6108652381980153,0.027630187571048737,0.027630187571048737,-33.0,-0.5759586531581288,4.220106347929686e-06,0.3466821610927582,2.0,0.027625967464700807,99.98472646507709,0.34667794098641025,99.99878271603747,0.34668215076295655,1,1,0,1,0
0,6,54,108,109,medium,10.0,1.0,21,-44.0,45.0,40.0,0.6981317007977318,0.019184207543730736,0.019184207543730736,39.0,0.6806784082777885,0.004878202918916941,0.35106539726257324,-1.0,0.014306004624813795,74.57177781361574,0.3461871943436563,98.61045749397273,0.3510654089587536,1,1,0,1,0
13,1,57,114,115,medium,10.0,1.0,21,-45.0,44.0,-45.0,-0.7853981633974483,0.007794072851538658,0.007794072851538658,-45.0,-0.7853981633974483,0.007794072851538658,0.3535270690917969,0.0,0.0,0.0,0.3457329962402582,97.79533915986647,0.353527062924194,1,1,0,1,0
26,3,59,118,119,medium,10.0,1.0,21,-45.0,-25.0,-35.0,-0.6108652381980153,0.01087023876607418,0.01087023876607418,-34.0,-0.5934119456780721,4.976159107172862e-05,0.3456548750400543,1.0,0.010820477175002452,99.54222172904763,0.3456051134489826,99.98560367734841,0.34565487393433764,1,1,0,1,0
23,3,55,110,111,medium,10.0,1.0,21,-45.0,44.0,-40.0,-0.6981317007977318,0.005827867891639471,0.005827867891639471,-40.0,-0.6981317007977318,0.005827867891639471,0.35126569867134094,0.0,0.0,0.0,0.34543783077970147,98.34089468066955,0.3512657132044247,1,1,0,1,0
7,1,52,104,105,medium,10.0,1.0,21,20.0,40.0,30.0,0.5235987755982988,0.02813750132918358,0.02813750132918358,31.0,0.5410520681182421,0.007920041680335999,0.3532419800758362,1.0,0.02021745964884758,71.85236319430571,0.3453219383955002,97.7578990813505,0.3532419702376198,1,1,0,1,0
12,6,49,98,99,medium,10.0,1.0,21,20.0,40.0,30.0,0.5235987755982988,0.031438276171684265,0.031438276171684265,32.0,0.5585053606381855,0.002650701440870762,0.34781143069267273,2.0,0.028787574730813503,91.56855348430908,0.34516072925180197,99.23789122295612,0.3478114275444911,1,1,0,1,0
10,6,50,100,101,medium,10.0,1.0,21,-45.0,44.0,-45.0,-0.7853981633974483,0.010086494497954845,0.010086494497954845,44.0,0.767944870877505,0.007616571616381407,0.35266709327697754,-1.0,0.0024699228815734386,24.487426053464308,0.34505052166059613,97.84029421469172,0.35266709809097246,1,1,0,1,0
10,2,59,118,119,medium,10.0,1.0,21,-45.0,-25.0,-35.0,-0.6108652381980153,0.006099142134189606,0.006099142134189606,-35.0,-0.6108652381980153,0.006099142134189606,0.35076016187667847,0.0,0.0,0.0,0.34466101974248886,98.26116452291582,0.35076015347334477,1,1,0,1,0
28,0,62,124,125,medium,10.0,1.0,21,-25.0,-5.0,-15.0,-0.2617993877991494,0.01605803146958351,0.01605803146958351,-14.0,-0.24434609527920614,0.007787137292325497,0.3522889018058777,1.0,0.008270894177258015,51.50627704849387,0.3445017645135522,97.78955929283958,0.352288889102422,1,1,0,1,0
14,0,43,86,87,medium,10.0,1.0,21,-45.0,44.0,-40.0,-0.6981317007977318,0.022933999076485634,0.022933999076485634,-41.0,-0.7155849933176751,0.006979657337069511,0.35070040822029114,-1.0,0.015954341739416122,69.56633113225423,0.3437207508832216,98.00979492083019,0.3507004107441563,1,1,0,1,0
15,6,38,76,77,medium,10.0,1.0,21,25.0,45.0,35.0,0.6108652381980153,0.018555980175733566,0.018555980175733566,33.0,0.5759586531581288,0.0008424563566222787,0.34422656893730164,-2.0,0.017713523819111288,95.4599199360862,0.34338411258067936,99.75526108887436,0.3442265668689682,1,1,0,1,0
28,2,38,76,77,medium,10.0,1.0,21,-40.0,-20.0,-30.0,-0.5235987755982988,0.007730717770755291,0.007730717770755291,-31.0,-0.5410520681182421,0.001110959448851645,0.34184539318084717,-1.0,0.006619758321903646,85.62928460466739,0.3407344337319955,99.67501113924214,0.3418453849707009,1,1,0,1,0
1,2,49,98,99,medium,10.0,1.0,21,10.0,30.0,20.0,0.3490658503988659,0.0395381860435009,0.0395381860435009,18.0,0.3141592653589793,0.002638437319546938,0.34278222918510437,-2.0,0.03689974872395396,93.32686300619845,0.34014379186555743,99.23028760101734,0.34278223725195756,1,1,0,1,0
7,5,43,86,87,medium,10.0,1.0,21,-35.0,-15.0,-25.0,-0.4363323129985824,0.0426078662276268,0.0426078662276268,-27.0,-0.47123889803846897,0.00010074768943013623,0.340040922164917,-2.0,0.042507118538196664,99.76354673831375,0.33994017447548686,99.97037189265671,0.34004091600221015,1,1,0,1,0
10,4,55,110,111,medium,10.0,1.0,21,25.0,45.0,35.0,0.6108652381980153,0.0022149758879095316,0.0022149758879095316,35.0,0.6108652381980153,0.0022149758879095316,0.34212586283683777,0.0,0.0,0.0,0.33991088694892824,99.35258449345413,0.34212586440219395,1,1,0,1,0
12,5,55,110,111,medium,10.0,1.0,21,15.0,35.0,25.0,0.4363323129985824,0.016990484669804573,0.016990484669804573,24.0,0.4188790204786391,0.0026465379633009434,0.34133702516555786,-1.0,0.01434394670650363,84.42341101661236,0.3386904872022569,99.22465546712452,0.34133701640982056,1,1,0,1,0
14,7,47,94,95,medium,10.0,1.0,21,-40.0,-20.0,-30.0,-0.5235987755982988,0.030152836814522743,0.030152836814522743,-28.0,-0.4886921905584123,0.006445890758186579,0.3446807265281677,2.0,0.023706946056336164,78.6226058999464,0.33823483576998115,98.12989521546113,0.34468071903074105,1,1,0,1,0
8,4,48,96,97,medium,10.0,1.0,21,-35.0,-15.0,-25.0,-0.4363323129985824,0.02900446020066738,0.02900446020066738,-24.0,-0.4188790204786391,0.0013894872972741723,0.3374779522418976,1.0,0.02761497290339321,95.20940128635043,0.3360884649446234,99.58827316331521,0.3374779656258216,1,1,0,1,0
16,4,62,124,125,medium,10.0,1.0,21,-45.0,44.0,-45.0,-0.7853981633974483,0.008785360492765903,0.008785360492765903,44.0,0.767944870877505,6.837177352281287e-05,0.335395872592926,-1.0,0.00871698871924309,99.22175335230567,0.3353275008194032,99.97961460497584,0.33539587061212706,1,1,0,1,0
29,2,52,104,105,medium,10.0,1.0,21,-30.0,-10.0,-20.0,-0.3490658503988659,0.036851800978183746,0.036851800978183746,-22.0,-0.3839724354387525,0.0023323826026171446,0.3358100354671478,-2.0,0.0345194183755666,93.6709128435869,0.3334776528645307,99.3054458305951,0.3358100381128457,1,1,0,1,0
1,1,41,82,83,medium,10.0,1.0,21,-45.0,44.0,-40.0,-0.6981317007977318,0.029682038351893425,0.029682038351893425,-38.0,-0.6632251157578453,0.00551334023475647,0.33770355582237244,2.0,0.024168698117136955,81.42533147692409,0.33219021558761597,98.36740237415314,0.3377035669032139,1,1,0,1,0
12,5,49,98,99,medium,10.0,1.0,21,5.0,25.0,15.0,0.2617993877991494,0.013661670498549938,0.013661670498549938,16.0,0.2792526803190927,0.0065024299547076225,0.3377021551132202,1.0,0.007159240543842316,52.40384435126146,0.3311997251585126,98.07450741540943,0.33770216958606636,1,1,0,1,0
1,7,59,118,119,medium,10.0,1.0,21,-40.0,-20.0,-30.0,-0.5235987755982988,0.003449407173320651,0.003449407173320651,-30.0,-0.5235987755982988,0.003449407173320651,0.3344268798828125,0.0,0.0,0.0,0.33097747270949185,98.96856162562969,0.33442688646854485,1,1,0,1,0
17,1,58,116,117,medium,10.0,1.0,21,-45.0,44.0,-45.0,-0.7853981633974483,0.019499437883496284,0.019499437883496284,43.0,0.7504915783575618,0.0035387102980166674,0.33447563648223877,-2.0,0.015960727585479617,81.85224456643583,0.3309369261842221,98.94201253782364,0.3344756311885936,1,1,0,1,0
10,1,40,80,81,medium,10.0,1.0,21,-45.0,-25.0,-35.0,-0.6108652381980153,0.0018939066212624311,0.0018939066212624311,-35.0,-0.6108652381980153,0.0018939066212624311,0.3315427899360657,0.0,0.0,0.0,0.32964888331480324,99.42875952101758,0.33154277798315823,1,1,0,1,0
0,0,44,88,89,medium,10.0,1.0,21,-25.0,-5.0,-15.0,-0.2617993877991494,0.04589153826236725,0.04589153826236725,-17.0,-0.29670597283903605,0.00033205904765054584,0.32921886444091797,-2.0,0.0455594792147167,99.27642641710521,0.3288868053932674,99.89913729633493,0.3292188778655367,1,1,0,1,0
0,2,56,112,113,medium,10.0,1.0,21,15.0,35.0,25.0,0.4363323129985824,0.0015660792123526335,0.0015660792123526335,25.0,0.4363323129985824,0.0015660792123526335,0.3304342031478882,0.0,0.0,0.0,0.32886812393553555,99.52605414408274,0.33043420324270006,1,1,0,1,0
29,5,53,106,107,medium,10.0,1.0,21,25.0,45.0,35.0,0.6108652381980153,0.004430806264281273,0.004430806264281273,35.0,0.6108652381980153,0.004430806264281273,0.3328942656517029,0.0,0.0,0.0,0.3284634593874216,98.66900492995663,0.33289426962260327,1,1,0,1,0
0,3,45,90,91,medium,10.0,1.0,21,10.0,30.0,20.0,0.3490658503988659,0.029329245910048485,0.029329245910048485,18.0,0.3141592653589793,0.00021780405950266868,0.3284739553928375,-2.0,0.029111441850545816,99.25738268153684,0.32825615133333486,99.93369213725265,0.3284739521252163,1,1,0,1,0
20,6,48,96,97,medium,10.0,1.0,21,-45.0,-25.0,-35.0,-0.6108652381980153,0.003959179390221834,0.003959179390221834,-36.0,-0.6283185307179586,0.0021503278985619545,0.32906046509742737,-1.0,0.0018088514916598797,45.6875355566682,0.3269101371988654,99.3465249926255,0.3290604689766327,1,1,0,1,0
1,1,52,104,105,medium,10.0,1.0,21,-45.0,44.0,-40.0,-0.6981317007977318,0.008857504464685917,0.008857504464685917,-41.0,-0.7155849933176751,0.008078710176050663,0.3347043991088867,-1.0,0.0007787942886352539,8.792479775090575,0.32662568893283606,97.58631491024339,0.33470440013257335,1,1,0,1,0
17,3,45,90,91,medium,10.0,1.0,21,-45.0,-25.0,-35.0,-0.6108652381980153,0.0017291136318817735,0.0017291136318817735,-35.0,-0.6108652381980153,0.0017291136318817735,0.3267759680747986,0.0,0.0,0.0,0.3250468544429168,99.47085654980418,0.32677595672253557,1,1,0,1,0
10,6,51,102,103,medium,10.0,1.0,21,-40.0,-20.0,-30.0,-0.5235987755982988,0.007430395111441612,0.007430395111441612,-30.0,-0.5235987755982988,0.007430395111441612,0.3304031193256378,0.0,0.0,0.0,0.3229727242141962,97.75111229984533,0.33040312145654116,1,1,0,1,0
19,2,59,118,119,medium,10.0,1.0,21,-44.0,45.0,40.0,0.6981317007977318,0.008748114109039307,0.008748114109039307,41.0,0.7155849933176751,0.002076230011880398,0.3233463764190674,1.0,0.006671884097158909,76.26654172543249,0.321270146407187,99.35789290887567,0.3233463812651026,1,1,0,1,0
17,1,40,80,81,medium,10.0,1.0,21,-35.0,-15.0,-25.0,-0.4363323129985824,0.02626792900264263,0.02626792900264263,-27.0,-0.47123889803846897,0.004956585820764303,0.32611557841300964,-2.0,0.02131134318187833,81.13065624524242,0.32115899259224534,98.48011375449012,0.3261155751498469,1,1,0,1,0
6,3,51,102,103,medium,10.0,1.0,21,25.0,45.0,35.0,0.6108652381980153,0.03131191432476044,0.03131191432476044,33.0,0.5759586531581288,0.0027682767249643803,0.32388660311698914,-2.0,0.028543637599796057,91.15903072468707,0.32111832639202476,99.14529446469125,0.32388660478500847,1,1,0,1,0
31,2,54,108,109,medium,10.0,1.0,21,-45.0,-25.0,-35.0,-0.6108652381980153,0.01188871543854475,0.01188871543854475,-36.0,-0.6283185307179586,0.0016714772209525108,0.3209265470504761,-1.0,0.01021723821759224,85.94064068912469,0.31925506982952356,99.47917140656811,0.3209265444275083,1,1,0,1,0
10,6,60,120,121,medium,10.0,1.0,21,-40.0,-20.0,-30.0,-0.5235987755982988,0.02069948986172676,0.02069948986172676,-32.0,-0.5585053606381855,0.002327654045075178,0.3215278089046478,-2.0,0.018371835816651583,88.75501734282352,0.31920015485957265,99.27606447075144,0.3215277965688609,1,1,0,1,0
29,3,53,106,107,medium,10.0,1.0,21,25.0,45.0,35.0,0.6108652381980153,0.04023020341992378,0.04023020341992378,37.0,0.6457718232379019,0.006844834424555302,0.32423102855682373,2.0,0.03338536899536848,82.9858319305305,0.31738619413226843,97.88890210322492,0.32423103663120895,1,1,0,1,0
8,6,37,74,75,medium,10.0,1.0,21,-45.0,-25.0,-35.0,-0.6108652381980153,0.023406630381941795,0.023406630381941795,-33.0,-0.5759586531581288,0.0013995900517329574,0.31703269481658936,2.0,0.022007040330208838,94.02054021063732,0.3156331047648564,99.55853447464065,0.31703270820021356,1,1,0,1,0
12,6,56,112,113,medium,10.0,1.0,21,-35.0,-15.0,-25.0,-0.4363323129985824,0.04360327497124672,0.04360327497124672,-27.0,-0.47123889803846897,0.0005857559153810143,0.3157499134540558,-2.0,0.043017519055865705,98.6566240362283,0.31516415753867477,99.81448738687739,0.31574992212079916,1,1,0,1,0
27,2,58,116,117,medium,10.0,1.0,21,-40.0,-20.0,-30.0,-0.5235987755982988,0.009682171046733856,0.009682171046733856,-31.0,-0.5410520681182421,0.0005586085026152432,0.31571096181869507,-1.0,0.009123562544118613,94.23054498914598,0.3151523533160798,99.82306331734657,0.3157109591710704,1,1,0,1,0
0,4,52,104,105,medium,10.0,1.0,21,-30.0,-10.0,-20.0,-0.3490658503988659,0.03253946825861931,0.03253946825861931,-22.0,-0.3839724354387525,0.0056567867286503315,0.32064053416252136,-2.0,0.026882681529968977,82.61561410994503,0.31498374743387103,98.23578552118333,0.32064052829800066,1,1,0,1,0
0,4,46,92,93,medium,10.0,1.0,21,25.0,45.0,35.0,0.6108652381980153,0.011721545830368996,0.011721545830368996,34.0,0.5934119456780721,0.0010607672156766057,0.3152886629104614,-1.0,0.01066077861469239,90.95027881963917,0.3142278956947848,99.66355681619359,0.31528867126063576,1,1,0,1,0
13,0,63,126,127,medium,10.0,1.0,21,-35.0,-15.0,-25.0,-0.4363323129985824,0.03091288171708584,0.03091288171708584,-23.0,-0.4014257279586958,0.008913672529160976,0.32307353615760803,2.0,0.021999209187924862,71.1651841108223,0.31415986362844706,97.24097719820278,0.32307353599249805,1,1,0,1,0
2,3,42,84,85,medium,10.0,1.0,21,20.0,40.0,30.0,0.5235987755982988,0.010491149500012398,0.010491149500012398,31.0,0.5410520681182421,0.0008575903484597802,0.31465020775794983,1.0,0.009633559151552618,91.8255826164829,0.31379261740949005,99.72744643819861,0.31465020718812514,1,1,0,1,0
6,2,49,98,99,medium,10.0,1.0,21,5.0,25.0,15.0,0.2617993877991494,0.031731024384498596,0.031731024384498596,16.0,0.2792526803190927,0.008575030602514744,0.32232001423835754,1.0,0.023155993781983852,72.97587843806309,0.3137449836358428,97.33959102019229,0.32232001610469624,1,1,0,1,0
1,0,60,120,121,medium,10.0,1.0,21,-35.0,-15.0,-25.0,-0.4363323129985824,0.030533967539668083,0.030533967539668083,-27.0,-0.47123889803846897,0.004033196717500687,0.3174870014190674,-2.0,0.026500770822167397,86.7911148059584,0.3134538047015667,98.72964981259908,0.31748699436798505,1,1,0,1,0
18,7,49,98,99,medium,10.0,1.0,21,20.0,40.0,30.0,0.5235987755982988,0.01395044568926096,0.01395044568926096,32.0,0.5585053606381855,0.0006514068809337914,0.31280627846717834,2.0,0.013299038808327168,95.3305658081215,0.31215487158624455,99.79175389825107,0.31280627779415365,1,1,0,1,0
23,3,48,96,97,medium,10.0,1.0,21,-40.0,-20.0,-30.0,-0.5235987755982988,0.014677057974040508,0.014677057974040508,-31.0,-0.5410520681182421,0.004543105140328407,0.31659597158432007,-1.0,0.010133952833712101,69.04621383683397,0.31205286644399166,98.56501486181467,0.31659597798641176,1,1,0,1,0
18,4,48,96,97,medium,10.0,1.0,21,-45.0,44.0,-45.0,-0.7853981633974483,0.027658730745315552,0.027658730745315552,-44.0,-0.767944870877505,0.007324773818254471,0.3186042904853821,1.0,0.02033395692706108,73.51731760324888,0.3112795166671276,97.7009807974979,0.31860429506286636,1,1,0,1,0
8,7,47,94,95,medium,10.0,1.0,21,-45.0,-25.0,-35.0,-0.6108652381980153,0.024543672800064087,0.024543672800064087,-33.0,-0.5759586531581288,0.003274638205766678,0.31441086530685425,2.0,0.02126903459429741,86.65791288678633,0.31113622710108757,98.958484401431,0.3144108636942741,1,1,0,1,0
12,7,44,88,89,medium,10.0,1.0,21,-45.0,44.0,-40.0,-0.6981317007977318,0.018049903213977814,0.018049903213977814,-41.0,-0.7155849933176751,0.000837548344861716,0.3117530643939972,-1.0,0.017212354869116098,95.35981808360546,0.3109155160491355,99.73134238584318,0.31175307521257145,1,1,0,1,0
6,2,59,118,119,medium,10.0,1.0,21,10.0,30.0,20.0,0.3490658503988659,0.018000228330492973,0.018000228330492973,21.0,0.3665191429188092,0.0014265101635828614,0.3096555769443512,1.0,0.016573718166910112,92.07504406393386,0.30822906678076833,99.53932360022077,0.3096555774372097,1,1,0,1,0
14,3,39,78,79,medium,10.0,1.0,21,-35.0,-15.0,-25.0,-0.4363323129985824,0.028855672106146812,0.028855672106146812,-27.0,-0.47123889803846897,0.005154314450919628,0.31313878297805786,-2.0,0.023701357655227184,82.13760389306039,0.30798446852713823,98.35398400610096,0.31313876898551396,1,1,0,1,0
27,2,46,92,93,medium,10.0,1.0,21,20.0,40.0,30.0,0.5235987755982988,0.029968542978167534,0.029968542978167534,28.0,0.4886921905584123,0.005935623776167631,0.3135516047477722,-2.0,0.024032919201999903,80.193819297482,0.3076159809716046,98.10697069117462,0.31355161358434724,1,1,0,1,0
0,4,60,120,121,medium,10.0,1.0,21,10.0,30.0,20.0,0.3490658503988659,0.019730815663933754,0.019730815663933754,19.0,0.33161255787892263,0.001375085674226284,0.3087009787559509,-1.0,0.01835572998970747,93.03077126841835,0.30732589308172464,99.55455739733388,0.30870097438469646,1,1,0,1,0
9,7,62,124,125,medium,10.0,1.0,21,-35.0,-15.0,-25.0,-0.4363323129985824,0.002444245619699359,0.002444245619699359,-25.0,-0.4363323129985824,0.002444245619699359,0.30876976251602173,0.0,0.0,0.0,0.30632551689632237,99.20839216904456,0.3087697493959941,1,1,0,1,0
15,2,60,120,121,medium,10.0,1.0,21,-44.0,45.0,40.0,0.6981317007977318,0.03970404714345932,0.03970404714345932,38.0,0.6632251157578453,0.0018423303263261914,0.3079928159713745,-2.0,0.03786171681713313,95.35984248741833,0.3061504856450483,99.40182685089076,0.30799281094263803,1,1,0,1,0
11,2,60,120,121,medium,10.0,1.0,21,15.0,35.0,25.0,0.4363323129985824,0.04138833284378052,0.04138833284378052,23.0,0.4014257279586958,0.012255997397005558,0.3183651268482208,-2.0,0.02913233544677496,70.38779637907719,0.30610912945121527,96.15033294684673,0.31836511857511257,1,1,0,1,0
17,3,41,82,83,medium,10.0,1.0,21,-40.0,-20.0,-30.0,-0.5235987755982988,0.045025259256362915,0.045025259256362915,-32.0,-0.5585053606381855,0.002853213343769312,0.30877962708473206,-2.0,0.0421720459125936,93.66308292080272,0.30592641374096274,99.07597098593996,0.308779630646596,1,1,0,1,0
13,1,58,116,117,medium,10.0,1.0,21,-45.0,-25.0,-35.0,-0.6108652381980153,0.0012643719092011452,0.0012643719092011452,-35.0,-0.6108652381980153,0.0012643719092011452,0.30624809861183167,0.0,0.0,0.0,0.3049837267026305,99.58714130310284,0.30624808692279815,1,1,0,1,0
14,2,43,86,87,medium,10.0,1.0,21,25.0,45.0,35.0,0.6108652381980153,0.020049050450325012,0.020049050450325012,34.0,0.5934119456780721,0.003003055462613702,0.30784887075424194,-1.0,0.01704599498771131,85.02145789869554,0.30484581529162824,99.02450333657028,0.3078488711171523,1,1,0,1,0
17,7,59,118,119,medium,10.0,1.0,21,-40.0,-20.0,-30.0,-0.5235987755982988,0.0015419641276821494,0.0015419641276821494,-30.0,-0.5235987755982988,0.0015419641276821494,0.3050656318664551,0.0,0.0,0.0,0.30352366773877293,99.49454675761145,0.3050656258561248,1,1,0,1,0
9,4,41,82,83,medium,10.0,1.0,21,-35.0,-15.0,-25.0,-0.4363323129985824,0.021722208708524704,0.021722208708524704,-27.0,-0.47123889803846897,0.0011870956514030695,0.30434277653694153,-2.0,0.020535113057121634,94.53510613339608,0.30315568088553846,99.60994781446406,0.30434276550065786,1,1,0,1,0
9,6,55,110,111,medium,10.0,1.0,21,10.0,30.0,20.0,0.3490658503988659,0.0281694233417511,0.0281694233417511,22.0,0.3839724354387525,0.005413617007434368,0.30850374698638916,2.0,0.02275580633431673,80.78193883574956,0.3030901299789548,98.24520218625636,0.308503754560004,1,1,0,1,0
11,5,52,104,105,medium,10.0,1.0,21,-45.0,44.0,-40.0,-0.6981317007977318,0.04363130033016205,0.04363130033016205,-38.0,-0.6632251157578453,0.005853710696101189,0.30889859795570374,2.0,0.03777758963406086,86.58368957192286,0.30304488725960255,98.10497336833474,0.3088985924031014,1,1,0,1,0
2,1,59,118,119,medium,10.0,1.0,21,-45.0,44.0,-45.0,-0.7853981633974483,0.02373191900551319,0.02373191900551319,43.0,0.7504915783575618,0.0017668484942987561,0.30342811346054077,-2.0,0.021965070511214435,92.55496997993168,0.301661264966242,99.41770441962409,0.30342810711832485,1,1,0,1,0
16,6,53,106,107,medium,10.0,1.0,21,-45.0,44.0,-40.0,-0.6981317007977318,0.0006491260719485581,0.0006491260719485581,-40.0,-0.6981317007977318,0.0006491260719485581,0.3009697198867798,0.0,0.0,0.0,0.3003205938148312,99.78432180081347,0.30096971176513965,1,1,0,1,0
0,3,46,92,93,medium,10.0,1.0,21,-25.0,-5.0,-15.0,-0.2617993877991494,0.02798069640994072,0.02798069640994072,-16.0,-0.2792526803190927,0.006322103086858988,0.30623549222946167,-1.0,0.021658593323081732,77.40548342959423,0.2999133891426027,97.93554201022465,0.30623550224939144,1,1,0,1,0
7,7,37,74,75,medium,10.0,1.0,21,-40.0,-20.0,-30.0,-0.5235987755982988,0.030810372903943062,0.030810372903943062,-28.0,-0.4886921905584123,0.0020221201702952385,0.30176249146461487,2.0,0.028788252733647823,93.43688511463472,0.29974037129431963,99.3298967805837,0.30176247686479835,1,1,0,1,0
14,1,56,112,113,medium,10.0,1.0,21,10.0,30.0,20.0,0.3490658503988659,0.0621381551027298,0.0621381551027298,18.0,0.3141592653589793,0.007868743501603603,0.3071766197681427,-2.0,0.054269411601126194,87.33669596627931,0.2993078762665391,97.43836509837794,0.30717661049279243,1,1,0,1,0
18,6,59,118,119,medium,10.0,1.0,21,-45.0,44.0,-40.0,-0.6981317007977318,0.03830838203430176,0.03830838203430176,-42.0,-0.7330382858376184,0.006535811815410852,0.3055054843425751,-2.0,0.031772570218890905,82.93895103802971,0.2989696725271642,97.8606564692364,0.3055054890236444,1,1,0,1,0
6,1,50,100,101,medium,10.0,1.0,21,-40.0,-20.0,-30.0,-0.5235987755982988,0.027267273515462875,0.027267273515462875,-28.0,-0.4886921905584123,0.004325657617300749,0.30305802822113037,2.0,0.022941615898162127,84.1360830783183,0.2987323706038296,98.5726635777672,0.30305801404009425,1,1,0,1,0
10,6,49,98,99,medium,10.0,1.0,21,-35.0,-15.0,-25.0,-0.4363323129985824,0.022198211401700974,0.022198211401700974,-26.0,-0.4537856055185257,0.004563937894999981,0.30206820368766785,-1.0,0.017634273506700993,79.44006473129514,0.29750426579266787,98.48910350732612,0.30206821342327267,1,1,0,1,0
17,3,53,106,107,medium,10.0,1.0,21,15.0,35.0,25.0,0.4363323129985824,0.03597307205200195,0.03597307205200195,27.0,0.47123889803846897,0.002128270920366049,0.2989133596420288,2.0,0.033844801131635904,94.08371095665818,0.29678508872166276,99.28799739064362,0.29891335578935563,1,1,0,1,0
19,2,61,122,123,medium,10.0,1.0,21,-44.0,45.0,40.0,0.6981317007977318,0.027488721534609795,0.027488721534609795,42.0,0.7330382858376184,0.004372254945337772,0.30084627866744995,2.0,0.023116466589272022,84.09436779432298,0.2964740237221122,98.54668139333351,0.3008462753945838,1,1,0,1,0
14,3,61,122,123,medium,10.0,1.0,21,10.0,30.0,20.0,0.3490658503988659,0.015552996657788754,0.015552996657788754,19.0,0.33161255787892263,0.014465982094407082,0.3108423054218292,-1.0,0.001087014563381672,6.989100475613541,0.29637632332742214,95.34619907197768,0.31084230318529826,1,1,0,1,0
12,2,61,122,123,medium,10.0,1.0,21,10.0,30.0,20.0,0.3490658503988659,0.01112243253737688,0.01112243253737688,21.0,0.3665191429188092,0.003252841765061021,0.2985374927520752,1.0,0.00786959077231586,70.75422346568647,0.2952846509870142,98.91040762248164,0.2985374864054221,1,1,0,1,0
14,3,46,92,93,medium,10.0,1.0,21,15.0,35.0,25.0,0.4363323129985824,0.0017420124495401978,0.0017420124495401978,25.0,0.4363323129985824,0.0017420124495401978,0.2966363728046417,0.0,0.0,0.0,0.2948943603551015,99.41274482523171,0.2966363642522857,1,1,0,1,0
19,4,52,104,105,medium,10.0,1.0,21,-44.0,45.0,40.0,0.6981317007977318,0.012269416823983192,0.012269416823983192,40.0,0.6981317007977318,0.012269416823983192,0.30699002742767334,0.0,0.0,0.0,0.29472061060369015,96.00331746057326,0.30699002984462664,1,1,0,1,0
1,7,55,110,111,medium,10.0,1.0,21,-44.0,45.0,40.0,0.6981317007977318,0.004126370884478092,0.004126370884478092,40.0,0.6981317007977318,0.004126370884478092,0.2986868917942047,0.0,0.0,0.0,0.2945605209097266,98.61849615840485,0.2986868998106163,1,1,0,1,0
9,7,51,102,103,medium,10.0,1.0,21,10.0,30.0,20.0,0.3490658503988659,0.03586948662996292,0.03586948662996292,21.0,0.3665191429188092,0.009647908620536327,0.3040594458580017,1.0,0.026221578009426594,73.1027412796114,0.2944115372374654,96.82696632123641,0.30405944659073597,1,1,0,1,0
15,1,55,110,111,medium,10.0,1.0,21,-45.0,44.0,-45.0,-0.7853981633974483,0.01809862069785595,0.01809862069785595,-44.0,-0.767944870877505,0.004198356531560421,0.2977561354637146,1.0,0.013900264166295528,76.80289232174594,0.2935577789321542,98.59000167199845,0.2977561312146196,1,1,0,1,0
31,0,48,96,97,medium,10.0,1.0,21,-35.0,-15.0,-25.0,-0.4363323129985824,0.015834668651223183,0.015834668651223183,-22.0,-0.3839724354387525,0.004172489512711763,0.2974896728992462,3.0,0.01166217913851142,73.64965693557818,0.29331718338653445,98.59743382953502,0.2974896748766074,1,1,0,1,0
0,0,59,118,119,medium,10.0,1.0,21,15.0,35.0,25.0,0.4363323129985824,0.009730493649840355,0.009730493649840355,26.0,0.4537856055185257,0.002701480407267809,0.29545706510543823,1.0,0.007029013242572546,72.23696449036652,0.2927555846981704,99.08566058276395,0.2954570674378331,1,1,0,1,0
0,0,56,112,113,medium,10.0,1.0,21,-35.0,-15.0,-25.0,-0.4363323129985824,0.003164398018270731,0.003164398018270731,-25.0,-0.4363323129985824,0.003164398018270731,0.2957320213317871,0.0,0.0,0.0,0.2925676233135164,98.92997788875877,0.29573202760314227,1,1,0,1,0
15,4,35,70,71,medium,10.0,1.0,21,-45.0,44.0,-45.0,-0.7853981633974483,0.0032412733417004347,0.0032412733417004347,-45.0,-0.7853981633974483,0.0032412733417004347,0.295284628868103,0.0,0.0,0.0,0.2920433555264026,98.90232236126715,0.29528461861202454,1,1,0,1,0
19,2,49,98,99,medium,10.0,1.0,21,-45.0,44.0,-40.0,-0.6981317007977318,0.006504143588244915,0.006504143588244915,-40.0,-0.6981317007977318,0.006504143588244915,0.29779186844825745,0.0,0.0,0.0,0.29128772486001253,97.8158760270598,0.2977918592184392,1,1,0,1,0
12,4,41,82,83,medium,10.0,1.0,21,10.0,30.0,20.0,0.3490658503988659,0.012484770268201828,0.012484770268201828,21.0,0.3665191429188092,0.01171058788895607,0.30257293581962585,1.0,0.0007741823792457581,6.201014216637748,0.2908623479306698,96.12966445355273,0.3025729369321941,1,1,0,1,0
17,1,48,96,97,medium,10.0,1.0,21,15.0,35.0,25.0,0.4363323129985824,0.034070249646902084,0.034070249646902084,27.0,0.47123889803846897,0.006945765111595392,0.29721876978874207,2.0,0.027124484535306692,79.61340118261519,0.2902730046771467,97.66307992037908,0.29721876844002826,1,1,0,1,0
14,3,58,116,117,medium,10.0,1.0,21,-45.0,-25.0,-35.0,-0.6108652381980153,0.00277489866130054,0.00277489866130054,-35.0,-0.6108652381980153,0.00277489866130054,0.29288578033447266,0.0,0.0,0.0,0.2901108816731721,99.05256627408417,0.2928857761203323,1,1,0,1,0
26,6,50,100,101,medium,10.0,1.0,21,-40.0,-20.0,-30.0,-0.5235987755982988,0.025563668459653854,0.025563668459653854,-28.0,-0.4886921905584123,0.0007593478076159954,0.28958624601364136,2.0,0.02480432065203786,97.02958200692343,0.28882689820602536,99.73778181178528,0.28958625726731596,1,1,0,1,0
22,2,39,78,79,medium,10.0,1.0,21,-45.0,44.0,-45.0,-0.7853981633974483,0.01184703130275011,0.01184703130275011,-44.0,-0.767944870877505,0.002323676133528352,0.2906913161277771,1.0,0.009523355169221759,80.38600494801642,0.28836763999424875,99.20063792600294,0.2906913161486971,1,1,0,1,0
23,0,60,120,121,medium,10.0,1.0,21,5.0,25.0,15.0,0.2617993877991494,0.027201954275369644,0.027201954275369644,16.0,0.2792526803190927,0.008205131627619267,0.2958827316761017,1.0,0.018996822647750378,69.83624211496927,0.2876776000484824,97.22689743293255,0.29588272277962036,1,1,0,1,0
20,7,39,78,79,medium,10.0,1.0,21,-35.0,-15.0,-25.0,-0.4363323129985824,0.007901770994067192,0.007901770994067192,-24.0,-0.4188790204786391,0.0027381812687963247,0.2900698184967041,1.0,0.005163589725270867,65.34724594205267,0.2873316372279078,99.05602682726972,0.29006983289187244,1,1,0,1,0
13,3,56,112,113,medium,10.0,1.0,21,-40.0,-20.0,-30.0,-0.5235987755982988,0.0030987223144620657,0.0030987223144620657,-30.0,-0.5235987755982988,0.0030987223144620657,0.2903555929660797,0.0,0.0,0.0,0.28725687065161765,98.93278366612209,0.29035560432436175,1,1,0,1,0
12,6,61,122,123,medium,10.0,1.0,21,0.0,20.0,10.0,0.17453292519943295,0.05507222190499306,0.05507222190499306,12.0,0.20943951023931956,0.000460288516478613,0.28701797127723694,2.0,0.054611933388514444,99.16420928635733,0.2865576827607583,99.83963076791662,0.2870179578112945,1,1,0,1,0
0,2,58,116,117,medium,10.0,1.0,21,15.0,35.0,25.0,0.4363323129985824,0.021677376702427864,0.021677376702427864,23.0,0.4014257279586958,0.005333879962563515,0.2918495535850525,-2.0,0.01634349673986435,75.39425532995364,0.286515673622489,98.17238714363526,0.29184954840658944,1,1,0,1,0
11,5,53,106,107,medium,10.0,1.0,21,-40.0,-20.0,-30.0,-0.5235987755982988,0.01019700150936842,0.01019700150936842,-30.0,-0.5235987755982988,0.01019700150936842,0.29427269101142883,0.0,0.0,0.0,0.2840756895020604,96.53484614072721,0.29427269344047713,1,1,0,1,0
14,0,53,106,107,medium,10.0,1.0,21,25.0,45.0,35.0,0.6108652381980153,0.03194040060043335,0.03194040060043335,37.0,0.6457718232379019,0.002407640917226672,0.2857399880886078,2.0,0.029532759683206677,92.46208290451433,0.2833323471713811,99.15740147770984,0.28573999471517086,1,1,0,1,0
16,4,58,116,117,medium,10.0,1.0,21,5.0,25.0,15.0,0.2617993877991494,0.03089378960430622,0.03089378960430622,16.0,0.2792526803190927,0.008868549019098282,0.2920607924461365,1.0,0.02202524058520794,71.2934245597953,0.2831922434270382,96.96345786614481,0.29206079986339295,1,1,0,1,0
5,5,42,84,85,medium,10.0,1.0,21,10.0,30.0,20.0,0.3490658503988659,0.026568053290247917,0.026568053290247917,21.0,0.3665191429188092,0.006735260132700205,0.2896462678909302,1.0,0.019832793157547712,74.64902656163953,0.28291100775822997,97.67466013570855,0.28964626100185165,1,1,0,1,0
26,6,63,126,127,medium,10.0,1.0,21,-45.0,44.0,-45.0,-0.7853981633974483,0.003252816153690219,0.003252816153690219,-45.0,-0.7853981633974483,0.003252816153690219,0.286056250333786,0.0,0.0,0.0,0.2828034341800958,98.86287534360999,0.28605625258477113,1,1,0,1,0
7,7,43,86,87,medium,10.0,1.0,21,-35.0,-15.0,-25.0,-0.4363323129985824,0.00019206649449188262,0.00019206649449188262,-25.0,-0.4363323129985824,0.00019206649449188262,0.2825750708580017,0.0,0.0,0.0,0.2823830043635098,99.93202992255874,0.2825750712252883,1,1,0,1,0
7,4,57,114,115,medium,10.0,1.0,21,15.0,35.0,25.0,0.4363323129985824,0.011071301996707916,0.011071301996707916,24.0,0.4188790204786391,0.0028702288400381804,0.2847876250743866,-1.0,0.008201073156669736,74.07505602419977,0.2819173962343484,98.99215113743496,0.2847876192840237,1,1,0,1,0
9,2,61,122,123,medium,10.0,1.0,21,-35.0,-15.0,-25.0,-0.4363323129985824,0.019472680985927582,0.019472680985927582,-26.0,-0.4537856055185257,0.00575827993452549,0.2875356078147888,-1.0,0.013714401051402092,70.42893097931993,0.28177732788026333,97.99736805528636,0.2875355962794311,1,1,0,1,0
1,1,45,90,91,medium,10.0,1.0,21,-30.0,-10.0,-20.0,-0.3490658503988659,0.023157192394137383,0.023157192394137383,-19.0,-0.33161255787892263,0.004635951016098261,0.28592732548713684,1.0,0.01852124137803912,79.98051345260694,0.2812913744710386,98.37862610430817,0.285927334808478,1,1,0,1,0
3,5,51,102,103,medium,10.0,1.0,21,-40.0,-20.0,-30.0,-0.5235987755982988,0.027493542060256004,0.027493542060256004,-31.0,-0.5410520681182421,0.008152498863637447,0.2889532744884491,-1.0,0.019341043196618557,70.34758618671218,0.28080077562481165,97.1786099748929,0.2889532685213562,1,1,0,1,0
29,2,50,100,101,medium,10.0,1.0,21,-35.0,-15.0,-25.0,-0.4363323129985824,0.02723732590675354,0.02723732590675354,-27.0,-0.47123889803846897,0.0021540792658925056,0.28279873728752136,-2.0,0.025083246640861034,92.09144365615423,0.28064465802162886,99.23829954597625,0.28279873640726566,1,1,0,1,0
14,5,50,100,101,medium,10.0,1.0,21,-45.0,-25.0,-35.0,-0.6108652381980153,0.017912257462739944,0.017912257462739944,-33.0,-0.5759586531581288,0.003486044006422162,0.28367453813552856,2.0,0.014426213456317782,80.53822074814617,0.2801884941291064,98.77111141897527,0.283674541937447,1,1,0,1,0
9,3,60,120,121,medium,10.0,1.0,21,-44.0,45.0,40.0,0.6981317007977318,0.012654965743422508,0.012654965743422508,42.0,0.7330382858376184,0.001059415633790195,0.2799561023712158,2.0,0.011595550109632313,91.62845909447971,0.2788966867374256,99.621577945679,0.27995610686541467,1,1,0,1,0
0,6,46,92,93,medium,10.0,1.0,21,-44.0,45.0,40.0,0.6981317007977318,0.023339668288826942,0.023339668288826942,42.0,0.7330382858376184,0.004150099121034145,0.28301429748535156,2.0,0.019189569167792797,82.218688502009,0.2788641983643174,98.53360796330477,0.2830142951842005,1,1,0,1,0
13,2,49,98,99,medium,10.0,1.0,21,15.0,35.0,25.0,0.4363323129985824,0.0013114602770656347,0.0013114602770656347,25.0,0.4363323129985824,0.0013114602770656347,0.2796552777290344,0.0,0.0,0.0,0.2783438174519688,99.53104397395413,0.27965526787429146,1,1,0,1,0
24,5,45,90,91,medium,10.0,1.0,21,15.0,35.0,25.0,0.4363323129985824,0.02457435615360737,0.02457435615360737,27.0,0.47123889803846897,0.00420012604445219,0.282524436712265,2.0,0.020374230109155178,82.90850015276743,0.2783243106678128,98.51335831571632,0.2825244364101549,1,1,0,1,0
11,6,58,116,117,medium,10.0,1.0,21,-44.0,45.0,40.0,0.6981317007977318,0.003049293300136924,0.003049293300136924,40.0,0.6981317007977318,0.003049293300136924,0.2811972200870514,0.0,0.0,0.0,0.27814792678691447,98.91560332666413,0.2811972257494048,1,1,0,1,0
21,2,50,100,101,medium,10.0,1.0,21,-45.0,44.0,-45.0,-0.7853981633974483,0.047685809433460236,0.047685809433460236,-43.0,-0.7504915783575618,0.00954798236489296,0.28762516379356384,2.0,0.038137827068567276,79.97730880878511,0.2780771814286709,96.68040784785235,0.28762517105828433,1,1,0,1,0
14,6,51,102,103,medium,10.0,1.0,21,-45.0,44.0,-45.0,-0.7853981633974483,0.02200991101562977,0.02200991101562977,43.0,0.7504915783575618,4.2602812754921615e-05,0.27776286005973816,-2.0,0.021967308202874847,99.80643805090958,0.27772025724698324,99.98466216370836,0.2777628651195011,1,1,0,1,0
1,3,57,114,115,medium,10.0,1.0,21,5.0,25.0,15.0,0.2617993877991494,0.009174064733088017,0.009174064733088017,15.0,0.2617993877991494,0.009174064733088017,0.28597038984298706,0.0,0.0,0.0,0.27679632510989904,96.7919529227746,0.2859703902179205,1,1,0,1,0
0,0,43,86,87,medium,10.0,1.0,21,5.0,25.0,15.0,0.2617993877991494,0.0008768843254074454,0.0008768843254074454,15.0,0.2617993877991494,0.0008768843254074454,0.2759609520435333,0.0,0.0,0.0,0.2750840677181259,99.68224333228524,0.2759609573861508,1,1,0,1,0
6,6,56,112,113,medium,10.0,1.0,21,-45.0,-25.0,-35.0,-0.6108652381980153,0.020496485754847527,0.020496485754847527,-36.0,-0.6283185307179586,0.006715390831232071,0.2812560200691223,-1.0,0.013781094923615456,67.23637938936022,0.27454062923789024,97.61235658899615,0.28125601154486335,1,1,0,1,0
13,2,63,126,127,medium,10.0,1.0,21,20.0,40.0,30.0,0.5235987755982988,0.01785152219235897,0.01785152219235897,31.0,0.5410520681182421,0.00370147661305964,0.2773069441318512,1.0,0.01415004557929933,79.26520454012604,0.27360546751879156,98.66520594186791,0.27730693306994136,1,1,0,1,0
14,5,53,106,107,medium,10.0,1.0,21,-45.0,44.0,-45.0,-0.7853981633974483,0.017931103706359863,0.017931103706359863,-44.0,-0.767944870877505,0.005879935808479786,0.27856874465942383,1.0,0.012051167897880077,67.2081768932368,0.27268880885094404,97.88923347604249,0.278568737295397,1,1,0,1,0
19,2,53,106,107,medium,10.0,1.0,21,20.0,40.0,30.0,0.5235987755982988,0.024925608187913895,0.024925608187913895,32.0,0.5585053606381855,0.004524728748947382,0.2763201594352722,2.0,0.020400879438966513,81.84706782343885,0.27179543068632483,98.36250501657398,0.2763201602837895,1,1,0,1,0
12,5,40,80,81,medium,10.0,1.0,21,5.0,25.0,15.0,0.2617993877991494,0.012362931855022907,0.012362931855022907,14.0,0.24434609527920614,0.010101107880473137,0.2815600037574768,-1.0,0.0022618239745497704,18.295207003270985,0.27145889587700367,96.41244930186399,0.28155999005809584,1,1,0,1,0
15,6,61,122,123,medium,10.0,1.0,21,-40.0,-20.0,-30.0,-0.5235987755982988,0.02378043346107006,0.02378043346107006,-32.0,-0.5585053606381855,0.004253934137523174,0.2750163972377777,-2.0,0.019526499323546886,82.11162069653983,0.27076246310025454,98.45320708865033,0.2750163958488749,1,1,0,1,0
9,0,50,100,101,medium,10.0,1.0,21,-45.0,-25.0,-35.0,-0.6108652381980153,0.001929708058014512,0.001929708058014512,-35.0,-0.6108652381980153,0.001929708058014512,0.27243733406066895,0.0,0.0,0.0,0.27050762600265443,99.29168736558522,0.2724373269987956,1,1,0,1,0
16,7,61,122,123,medium,10.0,1.0,21,-45.0,-25.0,-35.0,-0.6108652381980153,0.013686103746294975,0.013686103746294975,-34.0,-0.5934119456780721,0.007034824229776859,0.2767726480960846,1.0,0.006651279516518116,48.598780484319455,0.26973782386630774,97.45826609740185,0.2767726336875065,1,1,0,1,0
13,2,61,122,123,medium,10.0,1.0,21,10.0,30.0,20.0,0.3490658503988659,0.005525531247258186,0.005525531247258186,20.0,0.3490658503988659,0.005525531247258186,0.27396148443222046,0.0,0.0,0.0,0.2684359531849623,97.98309924524254,0.2739614896613432,1,1,0,1,0
0,1,49,98,99,medium,10.0,1.0,21,-20.0,0.0,-10.0,-0.17453292519943295,0.00542784109711647,0.00542784109711647,-10.0,-0.17453292519943295,0.00542784109711647,0.27296581864356995,0.0,0.0,0.0,0.2675379775464535,98.0115308487749,0.2729658045614079,1,1,0,1,0
0,0,60,120,121,medium,10.0,1.0,21,25.0,45.0,35.0,0.6108652381980153,0.020750492811203003,0.020750492811203003,36.0,0.6283185307179586,0.006285906303673983,0.2716996371746063,1.0,0.01446458650752902,69.70719509716763,0.26541373087093234,97.6864502400368,0.2716996304823325,1,1,0,1,0
11,3,53,106,107,medium,10.0,1.0,21,10.0,30.0,20.0,0.3490658503988659,0.01874392479658127,0.01874392479658127,21.0,0.3665191429188092,0.004519580397754908,0.2691434919834137,1.0,0.01422434439882636,75.88775858416142,0.2646239115856588,98.32075434391948,0.2691435036015523,1,1,0,1,0
0,3,58,116,117,medium,10.0,1.0,21,0.0,20.0,10.0,0.17453292519943295,0.06705541163682938,0.06705541163682938,12.0,0.20943951023931956,0.0003204398963134736,0.26436707377433777,2.0,0.0667349717405159,99.52212671805079,0.2640466338780243,99.87878978583127,0.26436707322288727,1,1,0,1,0
9,5,54,108,109,medium,10.0,1.0,21,-35.0,-15.0,-25.0,-0.4363323129985824,0.007755018770694733,0.007755018770694733,-26.0,-0.4537856055185257,0.00633952347561717,0.2702659070491791,-1.0,0.0014154952950775623,18.252635318260555,0.2639263835735619,97.65433844585377,0.2702659065092207,1,1,0,1,0
14,3,47,94,95,medium,10.0,1.0,21,20.0,40.0,30.0,0.5235987755982988,0.0066925822757184505,0.0066925822757184505,31.0,0.5410520681182421,0.0009606355451978743,0.2648243308067322,1.0,0.005731946730520576,85.64626469093726,0.2638636952615343,99.63725555643943,0.26482432057641825,1,1,0,1,0
0,6,48,96,97,medium,10.0,1.0,21,15.0,35.0,25.0,0.4363323129985824,0.04607782140374184,0.04607782140374184,27.0,0.47123889803846897,0.005711531266570091,0.2688943147659302,2.0,0.040366290137171745,87.6045978464896,0.2631827834993601,97.87591966325435,0.26889430482086213,1,1,0,1,0
1,2,51,102,103,medium,10.0,1.0,21,-25.0,-5.0,-15.0,-0.2617993877991494,0.05506284534931183,0.05506284534931183,-17.0,-0.29670597283903605,0.0022953799925744534,0.2653350532054901,-2.0,0.052767465356737375,95.83134511481772,0.26303967321291566,99.13491264541034,0.26533505637642735,1,1,0,1,0
1,0,45,90,91,medium,10.0,1.0,21,-44.0,45.0,40.0,0.6981317007977318,0.007543517742305994,0.007543517742305994,41.0,0.7155849933176751,0.0036533765960484743,0.2666339576244354,1.0,0.0038901411462575197,51.56932453993718,0.26298058102838695,98.6298157111727,0.26663396994469035,1,1,0,1,0
14,3,60,120,121,medium,10.0,1.0,21,-25.0,-5.0,-15.0,-0.2617993877991494,0.044280003756284714,0.044280003756284714,-17.0,-0.29670597283903605,0.008984178304672241,0.2713627219200134,-2.0,0.03529582545161247,79.71052948838762,0.2623785436153412,96.68923636927536,0.2713627196837819,1,1,0,1,0
9,2,58,116,117,medium,10.0,1.0,21,-45.0,-25.0,-35.0,-0.6108652381980153,0.017893511801958084,0.017893511801958084,-34.0,-0.5934119456780721,0.0015214057639241219,0.26364246010780334,1.0,0.016372106038033962,91.49744454435358,0.2621210543438792,99.42292839958252,0.2636424488612921,1,1,0,1,0
9,4,44,88,89,medium,10.0,1.0,21,-44.0,45.0,40.0,0.6981317007977318,0.022268561646342278,0.022268561646342278,38.0,0.6632251157578453,0.002253919607028365,0.26411473751068115,-2.0,0.020014642039313912,89.87846793688813,0.2618608179036528,99.14661346493881,0.2641147297021411,1,1,0,1,0
8,2,63,126,127,medium,10.0,1.0,21,15.0,35.0,25.0,0.4363323129985824,0.008469076827168465,0.008469076827168465,26.0,0.4537856055185257,0.007739848457276821,0.2695837914943695,1.0,0.0007292283698916435,8.610482402902612,0.2618439430370927,97.12896372056609,0.26958379690832796,1,1,0,1,0
17,2,35,70,71,medium,10.0,1.0,21,-45.0,-25.0,-35.0,-0.6108652381980153,0.014861769042909145,0.014861769042909145,-34.0,-0.5934119456780721,0.0018703022506088018,0.26297396421432495,1.0,0.012991466792300344,87.41534574242922,0.26110366196371615,99.28878805314564,0.2629739549127753,1,1,0,1,0
1,0,63,126,127,medium,10.0,1.0,21,-25.0,-5.0,-15.0,-0.2617993877991494,0.0027214677538722754,0.0027214677538722754,-15.0,-0.2617993877991494,0.0027214677538722754,0.26379528641700745,0.0,0.0,0.0,0.26107381866313517,98.96834102275422,0.26379529554691084,1,1,0,1,0
10,4,36,72,73,medium,10.0,1.0,21,-45.0,44.0,-40.0,-0.6981317007977318,0.0029886953998357058,0.0029886953998357058,-40.0,-0.6981317007977318,0.0029886953998357058,0.2626313865184784,0.0,0.0,0.0,0.2596426911186427,98.86201895384448,0.26263139932099755,1,1,0,1,0
1,7,61,122,123,medium,10.0,1.0,21,-44.0,45.0,40.0,0.6981317007977318,0.0325537733733654,0.0325537733733654,37.0,0.6457718232379019,0.005963582079857588,0.2653087079524994,-3.0,0.026590191293507814,81.68082694604975,0.2593451258726418,97.75221019849627,0.2653087097546235,1,1,0,1,0
0,1,57,114,115,medium,10.0,1.0,21,-44.0,45.0,40.0,0.6981317007977318,0.013989006169140339,0.013989006169140339,41.0,0.7155849933176751,0.0011281537590548396,0.25837528705596924,1.0,0.0128608524100855,91.9354259665455,0.2572471332969144,99.56336622905795,0.25837529843156054,1,1,0,1,0
9,0,63,126,127,medium,10.0,1.0,21,-40.0,-20.0,-30.0,-0.5235987755982988,0.013362722471356392,0.013362722471356392,-31.0,-0.5410520681182421,0.0024693498853594065,0.2596895098686218,-1.0,0.010893372585996985,81.52060786525672,0.2572201599832624,99.0491145034666,0.25968951540693896,1,1,0,1,0
11,5,48,96,97,medium,10.0,1.0,21,-30.0,-10.0,-20.0,-0.3490658503988659,0.03743789717555046,0.03743789717555046,-22.0,-0.3839724354387525,0.007037600968033075,0.26418212056159973,-2.0,0.030400296207517385,81.20193307056488,0.25714451959356666,97.33607976456828,0.26418212855065354,1,1,0,1,0
13,0,54,108,109,medium,10.0,1.0,21,25.0,45.0,35.0,0.6108652381980153,0.004812992177903652,0.004812992177903652,34.0,0.5934119456780721,0.004275704734027386,0.2589990198612213,-1.0,0.0005372874438762665,11.163272742119592,0.25472331512719393,98.34914250396838,0.25899901061925107,1,1,0,1,0
13,0,49,98,99,medium,10.0,1.0,21,25.0,45.0,35.0,0.6108652381980153,0.004671098664402962,0.004671098664402962,35.0,0.6108652381980153,0.004671098664402962,0.2592097520828247,0.0,0.0,0.0,0.25453865341842175,98.1979464017579,0.25920974872161223,1,1,0,1,0
13,2,53,106,107,medium,10.0,1.0,21,15.0,35.0,25.0,0.4363323129985824,0.049764107912778854,0.049764107912778854,27.0,0.47123889803846897,0.007723208516836166,0.2622024416923523,2.0,0.04204089939594269,84.48036377870459,0.25447923317551613,97.05448642392966,0.26220245452894125,1,1,0,1,0
13,4,58,116,117,medium,10.0,1.0,21,25.0,45.0,35.0,0.6108652381980153,0.011790846474468708,0.011790846474468708,34.0,0.5934119456780721,0.008261842653155327,0.2626030147075653,-1.0,0.003529003821313381,29.930029442372135,0.25434117205441,96.85386602954436,0.26260302623034987,1,1,0,1,0
30,0,47,94,95,medium,10.0,1.0,21,-30.0,-10.0,-20.0,-0.3490658503988659,0.027594715356826782,0.027594715356826782,-17.0,-0.29670597283903605,0.0019018620951101184,0.2562195658683777,3.0,0.025692853261716664,93.10787565475066,0.25431770377326757,99.25772175568859,0.25621956648708216,1,1,0,1,0
1,6,47,94,95,medium,10.0,1.0,21,-44.0,45.0,40.0,0.6981317007977318,0.002974604954943061,0.002974604954943061,40.0,0.6981317007977318,0.002974604954943061,0.25721079111099243,0.0,0.0,0.0,0.25423618615604937,98.84351471332342,0.2572107971864953,1,1,0,1,0
0,6,58,116,117,medium,10.0,1.0,21,20.0,40.0,30.0,0.5235987755982988,0.00417381851002574,0.00417381851002574,30.0,0.5235987755982988,0.00417381851002574,0.2582687735557556,0.0,0.0,0.0,0.2540949550457299,98.38392444717104,0.25826877328010767,1,1,0,1,0
5,5,51,102,103,medium,10.0,1.0,21,-44.0,45.0,40.0,0.6981317007977318,0.00959948543459177,0.00959948543459177,40.0,0.6981317007977318,0.00959948543459177,0.26251065731048584,0.0,0.0,0.0,0.25291117187589407,96.34320163114828,0.26251065271622176,1,1,0,1,0
13,7,39,78,79,medium,10.0,1.0,21,-25.0,-5.0,-15.0,-0.2617993877991494,0.01897096075117588,0.01897096075117588,-16.0,-0.2792526803190927,0.00048063555732369423,0.2533789277076721,-1.0,0.018490325193852186,97.46646696691994,0.2528982921503484,99.81030957796214,0.25337893021240243,1,1,0,1,0
27,7,52,104,105,medium,10.0,1.0,21,-40.0,-20.0,-30.0,-0.5235987755982988,0.009116982109844685,0.009116982109844685,-31.0,-0.5410520681182421,0.005892748944461346,0.2586430013179779,-1.0,0.003224233165383339,35.36513647319493,0.25275025237351656,97.72166696394899,0.2586430118064784,1,1,0,1,0
26,4,49,98,99,medium,10.0,1.0,21,20.0,40.0,30.0,0.5235987755982988,0.02587537094950676,0.02587537094950676,31.0,0.5410520681182421,0.003708933014422655,0.2560572028160095,1.0,0.022166437935084105,85.66616485746128,0.25234826980158687,98.55152170154427,0.25605721723607444,1,1,0,1,0
15,6,40,80,81,medium,10.0,1.0,21,25.0,45.0,35.0,0.6108652381980153,0.01758475787937641,0.01758475787937641,36.0,0.6283185307179586,0.0033083867747336626,0.25508543848991394,1.0,0.014276371104642749,81.18605443744111,0.2517770517151803,98.70302797591307,0.25508542456434896,1,1,0,1,0
18,2,46,92,93,medium,10.0,1.0,21,10.0,30.0,20.0,0.3490658503988659,0.03254413232207298,0.03254413232207298,22.0,0.3839724354387525,0.005044495686888695,0.25660598278045654,2.0,0.027499636635184288,84.49952317989047,0.25156148709356785,98.03414728205905,0.25660598888573116,1,1,0,1,0
15,1,45,90,91,medium,10.0,1.0,21,-25.0,-5.0,-15.0,-0.2617993877991494,0.012739324010908604,0.012739324010908604,-14.0,-0.24434609527920614,0.009014807641506195,0.26045599579811096,1.0,0.0037245163694024086,29.236373658548352,0.25144118815660477,96.53883658393724,0.26045600815637976,1,1,0,1,0
12,3,58,116,117,medium,10.0,1.0,21,-30.0,-10.0,-20.0,-0.3490658503988659,0.028962189331650734,0.028962189331650734,-22.0,-0.3839724354387525,0.009038089774549007,0.2601255178451538,-2.0,0.019924099557101727,68.79348563379524,0.2510874280706048,96.52548898338796,0.26012551491044283,1,1,0,1,0
9,0,60,120,121,medium,10.0,1.0,21,-44.0,45.0,40.0,0.6981317007977318,0.0008630845113657415,0.0008630845113657415,40.0,0.6981317007977318,0.0008630845113657415,0.25076577067375183,0.0,0.0,0.0,0.2499026861623861,99.65582044588987,0.25076577853828913,1,1,0,1,0
8,2,51,102,103,medium,10.0,1.0,21,-30.0,-10.0,-20.0,-0.3490658503988659,0.004451547749340534,0.004451547749340534,-20.0,-0.3490658503988659,0.004451547749340534,0.2531094551086426,0.0,0.0,0.0,0.24865790735930204,98.2412558442632,0.253109453498051,1,1,0,1,0
6,5,52,104,105,medium,10.0,1.0,21,25.0,45.0,35.0,0.6108652381980153,0.004396174103021622,0.004396174103021622,35.0,0.6108652381980153,0.004396174103021622,0.2518141269683838,0.0,0.0,0.0,0.24741795286536217,98.25419877909647,0.2518141303956935,1,1,0,1,0
9,5,48,96,97,medium,10.0,1.0,21,-45.0,44.0,-45.0,-0.7853981633974483,0.02928532473742962,0.02928532473742962,43.0,0.7504915783575618,0.006043130531907082,0.25337284803390503,-2.0,0.023242194205522537,79.36464565071616,0.24732971750199795,97.6149257590938,0.25337285795481257,1,1,0,1,0
15,7,56,112,113,medium,10.0,1.0,21,-35.0,-15.0,-25.0,-0.4363323129985824,0.04190022870898247,0.04190022870898247,-23.0,-0.4014257279586958,0.00738352257758379,0.253620445728302,2.0,0.03451670613139868,82.37832392547077,0.2462369231507182,97.08875104434853,0.25362046047822234,1,1,0,1,0
0,0,48,96,97,medium,10.0,1.0,21,-35.0,-15.0,-25.0,-0.4363323129985824,0.006286061834543943,0.006286061834543943,-25.0,-0.4363323129985824,0.006286061834543943,0.25224238634109497,0.0,0.0,0.0,0.24595632450655103,97.50792801886848,0.2522423993775552,1,1,0,1,0
5,2,57,114,115,medium,10.0,1.0,21,5.0,25.0,15.0,0.2617993877991494,0.013666215352714062,0.013666215352714062,16.0,0.2792526803190927,0.01103201974183321,0.253169983625412,1.0,0.0026341956108808517,19.275238556501378,0.24213796388357878,95.64244560755034,0.2531699945801753,1,1,0,1,0
